Order ID,Order Date,Delivery Date,Customer Name,Customer Type,Customer Age,Region,County,City,Branch,Sales Rep,Lead Source,Car Make,Car Model,Vehicle Type,Vehicle Year,Fuel Type,Transmission,Color,Units Sold,Unit Selling Price,Unit Cost,Discount,Delivery Fee,Logistics Cost,Payment Method,Payment Status,Delivery Status,Customer Rating,Review Count,Returned,Revenue Recorded
ORD1000,2025/08/29,2025/08/30,Joy Wanjiku,Ngo,54,Nyanza Region,Kisumu,Kisumu,Ksm Yard,Mary Wanjiku,Walk In,Toyota,prado tx,SUV,2016,petrol,Manual,black,3,"KSh 8,136,000",6986000,7%,39000,"KES 56,000",Cash,Paid,AT YARD,4.5 out of 5,2,not returned,"KES -22,738,440"
ORD1001,2026/01/19,2026/02/13,Carol Maina,Corporate,46,Western,Kakamega,Kakamega,Kakamega Yard,Mary Wanj1Ku,Facebook,Toyta,Prado TX,SUV,2016,Diesel,AUTO,PEARL,3,"KSh 6,708,000","KSh 5,566,000",10%,"162,000","KSh213,000",Asset Finance,complete,held,4.5 out of 5,17,,9.14M
ORD1002,2025/03/26,04/06/2025,Naomi Muthoni,Individual,46,Rift Valley,Nakuru,Nakuru,Nakuru Yard,Dan1El Kimani,Facebook,MITSUBISHI,OUTLANDER,SUV,2018,Petrol,AT,Gre,1,3326000,2562000,10%,51000,82000,Cash,PAID,Delayed,4.4 out of 5,36,yes,"KES 3,044,400"
ORD1003,2026/02/15,25/02/2026,Carol Ochieng,Government,42,Western,Kakamega,Kakamega Town,Kakamega Yard,Samuel Mutua,Website,TOYOTA,Fielder,Wagon,2018,Petrol,automatic,RED,1,1840000,1661000,3%,"KES 88,000",118000,CHEQUE,Pending,IN TRANSIT,2.6,,No,1872800
ORD1004,2026/03/17,03/20/2026,Samuel Mutua,Individual,64,Nairobii,Nairobi,Nairobi,Nairobi Hq,Grace Njer1,Whats App,Mitsubishi,Pajero,suv,2023,Hybrid/Petrol,auto,Blue,1,"KES 4,783,000","KES 4,203,000",2%,"KES 75,000",missing,Cash,Paid,Done,4.4 out of 5,42,No,"KSh 4,762,340"
ORD1005,2025/01/17,2025/02/10,Carol Mwangi,Company,27,West,Kakamega,Kakamega Town,Kakamega Yard,Samuel Mutua,Phone Call,isuzu,d max,Pickup,2023,PETROL,auto,Gre,3,4.2M,"KSh 3,456,000",5%,"KSh 112,000","KSh 148,000",Cash,Pending,Delivered,4.6,1,YES,"KSh 12,073,450"
ORD1006,2025/10/20,2025/10/27,James Muthoni,Government,48,Central,Kiambu,Thika,Thika Branch,Faith Achieng,Instagram,Nissan,Juke,CROSSOVER,2026,PETROL,auto,Pearl,1,"KSh2,166,000",1847000,0%,0.08M,"KSh 100,000",ASSET FINANCE,pending,Delivered,2.5 out of 5,10,,2244000
ORD1007,2025/01/14,2025/01/19,Kevin Maina,Dealer,44,Western,Kakamega,Kakamega,Kakamega,Aisha Mohamed,Whatsapp,Volkswagen,golf,Hatchback,2026,Gasoline,Manual,Pearl,2,"KSh 2,084,000","KSh 1,736,000",120%,0.02M,"KSh 42,000",RTGS,CANCELLED,Cancelled,,18,not returned,-1627199
ORD1008,02/21/2025,2025/05/10,Winnie Kiptoo,Non Profit,22,Central,Kiambu,Thika,Thika,Fa1Th Achieng,Facebook,mercedes benz,e250,saloon,Twenty Twenty,Diesel,Manual,gre,2,6770000,"5,980,000",7%,174000,207000,cash,Partially Paid,Delayed,3.8 out of 5,17,NO,"KSh12,766,200"
ORD1009,2025/04/09,2025/04/30,Mercy Wanjiku,Corporate,45,Rift Valley,Uasin Gishu,Eldoret,Eldoret Yard,Kevin Mwangi,Corporate Tender,Honda,vezel,Crossover,,Hybrid,AT,Black,1,2920000,2588000,0.07,"KSh 140,000",188000,M PESA,COMPLETE,cancelled,,1,not returned,#VALUE!
ORD1010,2026-13-04,2026/05/01,Daniel Wafula,Corporate,38,Westen,Kakamega,Kakamega,Kakamega Branch,Samuel Mutua,Corporate Tender,BMW,320i,Sedan,2026,Diesel,A/T,SILVER,1,3942000,"KES 3,297,000",7%,"KSh 29,000","KES 75,000",Asset Finance,paid,delivered,3.6 out of 5,,returned,"KES 3,695,059"
ORD1011,06/02/2025,2025/06/17,Grace Mutua,Government,thirty,Nairobi,Nairobi,Nairobi,Nairobi Hq,Kevin Mwangi,Facebook,toyota,corola,Sedan,2026,Petrol,Manual,pearl,1,"KSh 1,932,000","1,648,000",ten percent,"KSh114,000",120000,Bankers Cheque,PAID,completed,3.6 out of 5,9,returned,"KSh1,814,160"
ORD1012,2025/10/11,2025/10/18,Samuel Nyambura,Retail,53,Eastern,Machakos,Athiriver,Athi River,Brian Otieno,Walk-In,Toyota,Harier,suv,,petrol,A/T,Pearl,2,4721000,3990000,3%,103000,TBD,check,Pending,DELIVERED,3.9,19,N,"KSh9,261,740"
ORD1013,2026/05/14,,Brian Mwangi,Dealer,47,Rift Valley,Uasingishu,Eld,Eldoret Yard,Grace Njeri,Walk In,bmw,x5,SUV,2021,Dsl,A/T,Whi,3 cars,10695000,"KSh9,240,000",5%,"KSh 43,000",42000,Bank Transfer,CANCELLED,Cancelled,4.2,9,YES,KSh 0
ORD1014,2025/04/21,05/19/2025,Brian Kimani,Government,60,Western,Kakamega,Kakamega,Kakamega Yard,Grace Njer1,Corp Tender,subaru,subaru xv,crossover,2023,Petrol,Automatic,RED,4,2637000,#VALUE!,5%,KES 0,"KSh37,000",m-pesa,completed,At Yard,Excellent,22,NO,-10079600
ORD1015,,29/11/2025,James Kariuki,Ngo,68,Nyanza,Kisumu,Kisumu,Kisumu Yard,Grace,Walkin,Honda,Vezel,CROSSOVER,2024,Petrol,Automatic,WHITE,1,2745000,"KES 2,428,000",,missing,142000,bank,Paid,Delivered,3.8 out of 5,6,TRUE,"KSh 1,231,625"
ORD1016,2026/01/29,2026/02/23,Brian Ochieng,Car Dealer,61,Rift Valley,Nakuru,Nakuru,Nakuru Yard,Mercy Atieno,Corporate Tender,Subaru,FORESTER,SUV,2018,Petrol,A/T,Black,3,3220000,"KES 2,480,000",0.15,"KSh 17,000",0.03M,Cheque,paid,Done,4.0 out of 5,9,NO,8228000
ORD1017,02/12/2025,2025/02/15,Kevin Mwangi,Individual,63,Rift Valley,Nakuru County,Nakuru,Nakuru Yard,Kev1N Mwangi,Walk-In,Toyota,Lc200,suv,2023,petrol,AT,green,1,13.29M,"10,535,000",12%,KES 0,#VALUE!,m-pesa,Pending,IN-TRANSIT,3.5 out of 5,29,No,"KSh 11,794,600"
NAN,2026/06/05,2026/06/16,Daniel Mugambi,Government,53,Western,Kakamega,Kakamega,Kakamega Yard,Grace  Njeri,Walk-In,Toyota Kenya,Hilux,pickup,2019,Petrol,AUTO,Blue,,5980000,"KES 4,660,000",3%,35000,34000,Asset Finance,Completed,Delivered,4.6,41,Yes,"KSh 5,835,600"
ORD1019,2026/06/19,2026/07/15,Brian Njeri,Government,58,Nyanza,Kisumu,Kisumu,Kisumu Yard,Kev1N Mwangi,Referral,isuzu,N-Series,Truck,2015,Petrol,MANUAL,Blue,2,-5980000,4954000,,17000,"KSh 31,000",ASSET FINANCE,Pending,Delivered,3.0 out of 5,0,FALSE,10183000
ORD1020,2025/11/08,31/02/2026,Peter Mohamed,Government,46,Coast,Mombasa,Mombasa,Mombasa Port Yard,Peter Kiptoo,Facebook,TOYOTA,Prado tx,Suv,,petrol,Automatic,Pearl,1,"KSh 6,472,000",5411000,0.15,"KES 93,000",127000,Bank transfer,deposit paid,In Transit,2.2,11,not returned,11188400
ORD1021,2025/01/10,2025/01/23,Carol Kariuki,Dealer,55,Central,Kiambu County,Thika,Thika Yard,Mercy Atieno,Walk-In,mercedes,GLE,SUV,2020,petrol,Automatic,green,1,"KES 12,472,000","KES 10,456,000",5 percent,66000,86000,Cash,Partially Paid,Delivered,2.0 out of 5,37,not returned,11914400
ORD1022,03/08/2025,2025/08/28,Joy Kariuki,,24,Western,Kakamega,Kakamega,Kakamega Yard,Faith Achieng,Whatsapp,Honda,Fit,,2026,Dsl,A/T,Bla,2,,"KSh 978,000",3%,"KSh39,000","KSh 42,000",mpesa,PAID,,,22,YES,"KSh 1,213,570"
ORD1023,2026/04/11,2026/05/08,Hassan Maina,County Govt,42,Nairobi,Nrb,Westlands,Nairobi Hq,Brian Otieno,Website,TOYTA,Corolla,Sedan,2021,Dsl,MANUAL,WHITE,1,"KES 1,946,000","KES 1,663,000",0,120000,"KSh 190,000",Asset Finance,Refunded,AT YARD,3.7,24,Yes,KES 0
ORD1024,2026/02/23,,Hassan Kariuki,Ngo,54,Coast,Mombasa,Mombasa,Mombasa Port Yard,Kevin  Mwangi,Phone Call,Volkswagen,Tiguan,SUV,2025,Petrol,AUTO,pearl,1,"KSh 5,036,000","KSh 4,380,000",0.1,"KSh 25,000",55000,Bank Transfer,complete,on the way,3.2 out of 5,25,No,4557400
ORD1025,2025/04/16,2025/04/05,Mary Kimani,Government,55,Central,Kiambu,Thika,Thika Yard,Dan1El Kimani,Referral,Toyta,Prado TX,SUV,2023,pms,Automatic,GREEN,1,8127000,6.6M,0.02,"KES 43,000",65000,M-Pesa,paid,In Transit,3.1 out of 5,34,yes,8007460
ORD1026,2025/10/17,2025/10/30,,Corporate,,Central,Kiambu County,Thika,Thika Yard,Faith Achieng,Call,Toyota,LAND-CRUISER,SUV,2022,Petrol,automatic,Green,2,"KES 13,695,000","KES 12,337,000",15%,86000,"KSh 137,000",M-Pesa,paid,Delivered,3.5 out of 5,36,returned,23367500
ORD1027,2025/04/23,2025/05/08,Brian Kimani,Government,38,Central,Kiambu,Thika,Thika Yard,Aisha Mohamed,Fb,TOYOTA,Prado TX,SUV,2020,hybrid,a/t,GREEN,1,"KES 7,937,000","KES 6,868,000",12 percent,"KSh 119,000",133000,BANK TRANSFER,PAID,Delivered,3.5 out of 5,39,TRUE,"KSh7,103,560"
ORD1028,2026/01/06,2026/02/02,Kevin Nyambura,Corporate,121,Nyanza,Kisumu,Ksm,Kisumu Branch,Mercy Atieno,Whatsapp,Subaru,Imprezza,Sedan,2020,gasoline,MANUAL,Bla,1,1871000,"1,538,000",50%,25000,52000,Asset Finance,Paid,completed,5.0 out of 5,3,TRUE,"KSh480,250"
ORD1029,2026/05/27,2026/06/06,,County Govt,50,Western,Kakamega,Kakamega,Kakamega Yard,Brian Otieno,Website,Honda,FIT,HATCHBACK,2020,petrol,Automatic,Blu,7,1242000,1010000,,155000,"KSh 210,000",Cash,Partially Paid,Delivered,3.7 out of 5,44,TRUE,8588180
ORD1030,2026/01/12,2026/02/11,Linda Wafula,Government,36,Coast,Mombasa,Mombasa,Mombasa Yard,Brian Otieno,Web,Subaru,Outback,Wagon,2020,PETROL,Automatic,SILVER,1,3931000,#VALUE!,12%,0.05M,error,mpesa,Completed,Cancelled,4.0 out of 5,ten,no,"KSh3,512,280"
ORD1031,2026/01/26,01/28/2026,James Kiptoo,Government,25,Rift-Valley,Uasin Gishu,Eldoret,Eldoret Yard,Mercy,Whatsapp,Honda,fit,HATCHBACK,2026,Gasoline,Automatic,Gre,3,1441000,"KES 1,246,000",5,29000,36000,M-Pesa,PAID,DELIVERED,4.3 out of 5,8,no,4135850
NAN,2025/07/10,2025/07/14,Kevin Chebet,Individual,43,Msa Region,Mombasa,Mombasa,Mombasa Yard,Samuel Mutua,Whatsapp,Mazda,Axela,Sedan,2023,Diesel,Automatic,Silver,1,"KSh1,917,000",1735000,3%,35000,77000,loan,Cancelled,Cancelled,,19,No,"1,894,490"
ORD1033,2026/03/23,2026/04/16,Mercy Chebet,Ngo,32,Eastern,Mchakos,Athi River,Athi River Yard,Samuel Mutua,Corporate Tender,Mitshubishi,CANTER,Truck,2024,Petrol,Automatic,black,1,"KES 3,649,000",3229000,10%,154000,"KES 142,000",M-Pesa,Completed,In Transit,6,2,No,"3,438,100"
ORD1034,06/29/2025,07/25/2025,Daniel Kiptoo,Ngo,46,Nyanza,Kisumu,Kisumu,Kisumu Yard,Mary Wanjiku,Website,toyta,Landcruiser Prado,SUV,2019,Diesel,M/T,Grey,3,7374000,5896000,ten percent,111000,"KSh 108,000",mpesa,Pending,Delivered,4.0 out of 5,22,not returned,"KSh 18,914,700"
ORD1035,2025/03/16,2025/04/15,Grace Kimani,Ngo,56,East,Machakos,Athi River,Athi River Yard,Mary Wanjiku,Whatsapp,Toyota,Harrier,SUV,2020,Diesel,Automatic,Grey,3,"KSh 4,993,000",3872000,0.07,"KSh89,000",141000,M-Pesa,Partially Paid,Delivered,4.6,41,No,14.02M
ORD1036,2025/01/05,2025/01/24,Faith Otieno,Individual,53,Cental,Kiambu,Thika,Thika Yard,Aisha Mohamed,Whatsapp,nissan,X-Trail,Suv,2026,PETROL,AUTO,red,1,3604000,,15 percent,"KSh 104,000",89000,cash,PENDING,Delivered,2.1 out of 5,1,FALSE,"KSh3,167,400"
ORD1020,2026/01/08,2026/01/15,Mercy Mugambi,Government,50,Nyanza,Ksm,Ksm,Kisumu Yard,Samuel  Mutua,Watsapp,SUBRU,Outback,WAGON,2020,HYBRID,automatic,Silver,1,4199000,"KSh -3,467,000",0%,"68,000",73000,M-Pesa,Partially Paid,DELIVERED,4.7 out of 5,24,Yes,"KSh 4,267,000"
ORD1038,2025/04/11,2025/05/02,Kevin Kimani,Government,68,Western,Kakamega,Kakamega,Kakamega,Mercy Atieno,Walkin,Subaru,XV,Crossover,2026,Petrol,Automatic,Pearl,-1,error,2388000,3%,"KSh 146,000","KSh 129,000",Bank Transfer,cancel,CANCELLED,2.3,40,No,0
ORD1039,2026/04/05,2026/05/05,James Wafula,Ngo,28,Central,Kiambu,Thika,Thika Yard,Peter Kiptoo,Insta,SUBARU,forester,SUV,Twenty Twenty,Hybrid,At,Pearl,1,3586000,"2,977,000",120%,"KSh106,000","KSh 84,000",Cash,paid,delivered,3.3 out of 5,33,,"KES -611,199"
ORD1040,2025/11/15,26/11/2025,Grace Kariuki,Ngo,25,Coast,Mombasa,Mombasa,Mombasa Yard,Peter,Corporate Tender,Mazda,Demio,Hatchback,2015,petrol,Automatic,GREY,1,1210000,961000,10%,"KES 84,000",68000,Asset Finance,paid,transit,2.7,14,yes,1173000
ORD1041,2025/01/07,2025/01/27,Victor Kiptoo,Ngo,42,Rift Valley,Uasingishu,Eldoret,Eldoret Yard,Aisha Mohamed,Call,Mazda,Demio,Hatchback,2025,Petrol,auto,Blue,3,1.05M,"917,000",0%,"KSh 157,000","KSh122,000",asset finance,DEPOSIT PAID,completed,4.9 out of 5,35,No,2965500
ORD1042,2025/03/11,,Brian Ochieng,Corporate,unknown,Eastern,Machakos,Athi River,Athi River Yard,Daniel Kimani,Walkin,totoya,Harrier,SUV,2026,diesel,Automatic,Silver,2,"4,225,000",error,7%,118000,0.13M,cash,Paid,In Transit,4.6 out of 5,5,TRUE,7976499
ORD1043,2025/10/18,2025/11/13,Daniel Otieno,Ngo,27,Central,Kiambu,Thika,Thika Branch,Grace Njeri,Corporate Tender,mazda,CX-5,SUV,2016,DIESEL,MANUAL,Blue,1,"KSh 3,746,000",3299000,2%,"KSh31,000","KSh 59,000",Cash,PENDING,DONE,2.1 out of 5,24,No,3702080
ORD1044,15/08/2025,06/09/2025,Faith Achieng,Retail,36,Rift,Nkr,Nakuru,Nakuru Yard,Faith  Achieng,Facebook,Mitsubishi,Pajero,SUV,2021,Diesel,Automatic,Grey,2,"4,529,000","3,848,000",2%,"KSh 50,000","KSh34,000",BANK TRANSFER,partial,Delivered,4.4,38,YES,8926840
ORD1045,,2025/08/26,Hassan Maina,Individual,48,Nairobi,Nairobi County,Nairobi,Nairobi Hq,Peter  Kiptoo,Referral,toyota,Prado TX,SUV,2020,petrol,Manual,Red,1,"KSh6,760,000",5654000,0%,"KSh 70,000",86000,cheque,Paid,DONE,2.5 out of 5,29,Y,"6,830,000"
NAN,2025/05/16,2025/06/07,Faith Mwangi,Non Profit,35,Coast,Mombasa,Mombasa,Mombasa Yard,Mary Wanjiku,Corporate Tender,mazda,DEMIO,Hatchback,2018,Diesel,Automatic,Silver,4,1252000,"KSh 1,112,000",7%,"141,000","KES 131,000",BANK TRANSFER,Paid,delivered,,9,No,"KES 4,798,440"
ORD1047,2026/04/16,2026/04/26,Mercy Mohamed,Individual,54,Nyanza,Kisumu,Kisumu,Kisumu Yard,Faith Achieng,Tender,Subaru,impreza,Sedan,2021,Petrol,AT,sil,1,"2,177,000","KSh 1,699,000",15%,"KSh 64,000","74,000",Asset Finance,Completed,in transit,2.2 out of 5,42,FALSE,1914450
ORD1048,2025/11/26,12/05/2025,Brian Ochieng,Corporate,59,Nrb,Nairobi,Nairobi,Nairobi Hq,Mercy Atieno,Site,mazda,Atenza,Sedan,2025,PETROL,MANUAL,White,2,2142000,"1,948,000",unknown,615000,"KSh 124,000",Cash,complete,At Yard,4.4,6,y,"KSh 3,550,200"
ORD1049,2025/09/09,2025/09/14,Mercy Ochieng,Government,59,Western,Kakamega,Kakamega,Kakamega Yard,Grace Njeri,Site,Nissan,Navara,Pickup,2017,Gasoline,manual,Black,1,4654000,"KSh 4,089,000",5%,134000,"KSh184,000",check,Refunded,completed,4.6 out of 5,2,NO,0
ORD1050,2025/03/06,,Daniel Kimani,Individual,40,Cost,Msa,Mombasa,Mombasa Port Yard,Peter K1Ptoo,Facebook,Toyta,HARRIER,SUV,2025,Gasoline,Manual,BLACK,1,"KSh 4,823,000","KSh 4,086,000",,"KES 152,000",136000,Asset Finance,complete,Delivered,2.8,23,No,"4,733,850"
ORD1051,2026/05/16,2026/05/20,Hassan Kimani,Dealer,35,Central,Kiambu,Thika,Thika,Brian Otieno,Facebook,TOYOTA,HARRIER,SUV,2016,PETROL,A/T,Silver,1,4994000,4186000,5%,70000,89000,M-Pesa,Pending,IN TRANSIT,3.6 out of 5,12,YES,4814300
ORD1052,2025/06/21,2025/07/16,Peter Kiptoo,Government,23,Msa Region,Msa,Mombasa,Msa Yard,Mary  Wanjiku,Insta,HONDA,Vezel,CROSSOVER,2021,Hybrid,Automatic,green,1,missing,2.22M,0.1,0.04M,"KES 37,000",Cheque,paid,delivered,2.6,22,No,2559500
ORD1053,2026/02/06,,James Muthoni,Individual,64,Eastern,Machakos,Athi River,Athi River Yard,Aisha Mohamed,Walk-In,Mitsubishi,CANTER,Truck,2023,Petrol,Manual,white,,not available,3.06M,0.12,"KSh 71,000",-101000,bank transfer,PAID,Delivered,5 out of 5,34,YES,9.23M
ORD1054,2025/12/11,2025/12/23,Joseph Mugambi,Ngo,57,Nyanza,Ksm,Kisumu,Kisumu Yard,Mercy Atieno,Walk-In,V.W,Tiguan,SUV,2019,Petrol,auto,white,1,"KSh 4,093,000","3,477,000",12%,"138,000","KSh104,000",M-PESA,Cancelled,Cancelled,2.1,34,NO,0
ORD1055,2025/08/15,2025/08/27,Winnie Wanjiku,Dealer,57,Coast,Mombasa County,Mombasa,Mombasa Port Yard,Peter Kiptoo,Instagram,subaru,Forestar,SUV,2021,pms,Automatic,GREY,1,3889000,"KSh 3,176,000",15,143000,"KSh 139,000",Cheque,paid,Delivered,3.3,,,3448650
ORD1056,2025/01/25,2025/02/06,Daniel Achieng,Retail,63,Western,Kakamega,Kakamega,Kakamega Yard,Faith Achieng,Whatsapp,honda,fit,Hatchback,2026,Petrol,MT,silver,1,1337000,"KSh 1,123,000",ten percent,"KSh 36,000",78000,CHEQUE,Pending,Delivered,2.5,23,yes,"KSh 1,332,890"
ORD1057,2025/02/11,2025/02/13,Daniel Achieng,Dealer,44,West,Kakamega,Kakamega,Kakamega Yard,Faith Achieng,Ig,HONDA,FIT,HATCHBACK,2023,petrol,manual,RED,0,1424000,"KSh 1,219,000",0%,149000,171000,cash,PAID,Delivered,4.7 out of 5,18,no,"KSh5,845,000"
ORD1058,23/12/2025,2026/01/14,Joseph Wanjiku,Individual,55,Nyanza,Kisumu,Kisumu,Kisumu Yard,Mercy  Atieno,Corporate Tender,isuzu,D-Max,PICKUP,2026,HYBRID,Automatic,BLACK,1,"KSh4,220,000",3756000,2%,"KSh105,000","KSh124,000",cash,Paid,DELAYED,4.2,37,Not Returned,"KES 4,240,600"
ORD1059,2025/01/03,2025/01/24,Peter Kimani,Ngo,53,Western,Kakamega,Kakamega Town,Kakamega Branch,Daniel Kimani,Whatsapp,Mazada,demio,Hatchback,2017,Diesel,Automatic,Whi,3,"KSh 1,200,000","KSh 921,000",3 percent,90000,"153,000",asset finance,partially paid,DELIVERED,5,32,NO,3582000
ORD1060,,2026/06/25,Mary Mwangi,Dealer,33,Eastern,Machakos,Athi River,Athiriver Yard,Faith Achieng,Corporate Tender,nissan,X Trail,Suv,2022,petrol,Automatic,White,2,"KSh 3,524,000","KSh 3,117,000",Disc,32000,"KSh 62,000",Bank Transfer,Paid,DELAYED,3.5 out of 5,24,No,7080000
ORD1061,03/15/2025,2025/04/03,James Kiptoo,Govt,55,Eastern,Machakos,Athiriver,Athi River Yard,Peter  Kiptoo,Instagram,Mercedes-Benz,gle,suv,,PMS,Manual,Silver,1,"KSh 11,837,000",10733000,0%,"KES 41,000","60,000",M-PESA,Pending,at the yard,2.6 out of 5,6,NO,"KES 11,878,000"
ORD1062,02/27/2025,25/03/2025,,Dealer,32,Eastern,Machakos,Athiriver,Athi River Yard,Faith,Phonecall,VOLKS WAGEN,Golf,Hatchback,2016,DIESEL,mt,Black,1,"KSh1,944,000",0.0M,15%,104000,143000,Cash,PAID,Delivered,4.1 out of 5,14,NO,"1,932,040"
ORD1063,01/03/2025,2025/03/26,Naomi Ochieng,Individual,56,Eastern,Machakos,Athi River,Athi River Yard,Samuel Mutua,Phone,mitsubishi,PAJERO,SUV,2025,Petrol,Automatic,Green,1,"KSh 5,509,000","KSh4,827,000",3 percent,"KSh 172,000",169000,mpesa,complete,delivered,4.3,21,TRUE,6.07M
ORD1064,17/08/2025,2025/08/26,Naomi Mwangi,Government,40,Rift-Valley,Nakuru,Nakuru,Nakuru Yard,Grace,Facebook,Toyota,harrier,SUV,2018,Diesel,automatic,Blue,1,4536000,"3,584,000",7%,23000,"50,000",M-Pesa,Completed,DELIVERED,4.7 out of 5,29,TRUE,4241480
ORD1065,2026/02/15,2026/02/26,Daniel Achieng,Car Dealer,56,Nyanza,Kisumu,Kisumu,Kisumu Branch,Daniel  Kimani,Corporate Tender,Honda Motors,crv,suv,2023,petrol,auto,pearl,4,"4,227,000","KES 3,650,000",0.12,35000,"KSh23,000",M-Pesa,cancel,Canceled,4.8 out of 5,34,not returned,KSh 0
ORD1066,2026/03/04,2026/03/08,Faith Achieng,Government,23,Western,Kakamega,Kakamega Town,Kakamega Yard,Daniel Kimani,Phone Call,Toyota,FIELDER,Wagon,2026,Diesel,manual,White,1,"KSh 1,965,000",1712000,0%,"KES 121,000",0.12M,loan,Pending,Delivered,3.5 out of 5,42,No,"KSh2,086,000"
ORD1067,2025/01/01,31/01/2025,Daniel Kimani,Individual,29,Central,Kiambu,Thika,Thika Yard,Mercy  Atieno,Walk-In,Toyota,Corolla Altis,Sedan,2020,Gasoline,automatic,Silver,1,"KES 1,890,000",1523000,5%,error,0.14M,bank transfer,pending,Delayed,4.7,8,no,"1,916,500"
ORD1068,2025/11/07,11/11/2025,Mary Maina,County Govt,31,Rift Valley,Uasin Gishu,Eldoret,Eldoret,Aisha  Mohamed,Facebook,Nissan,Juke,crossover,2018,Diesel,Automatic,Pearl,1,"1,837,000",1619000,7%,"KSh 40,000",0,CASH,Paid,DELIVERED,2.4 out of 5,39,No,"KSh 1,748,410"
ORD1069,2026/02/21,2026/03/06,Winnie Mohamed,Car Dealer,28,Western,Kakamega,Kakamega,Kakamega Yard,Kevin Mwangi,Facebook,SUBARU,Outback,wagon,2019,diesel,AUTOMATIC,Red,2,"KSh 4,059,000","KSh 3,300,000",12%,33000,"83,000",asset financing,complete,delayed,4.8 out of 5,23,Y,"KSh 7,176,840"
ORD1070,2025/07/11,2025/07/23,Aisha Mugambi,Government,23,Rift Valley,Uasin Gishu,Eldoret,Eldoret Yard,Daniel Kimani,Ig,Volkswagen,golf,Hatchback,2021,Petrol,AUTOMATIC,Blue,4,1970000,missing,0.12,"KES 80,000","KSh 111,000",Cheque,Paid,Delivered,4.7,9,FALSE,"KES 7,014,400"
ORD1071,2025/07/04,2026-13-04,Mercy Achieng,Individual,22,Nyanza,Kisumu,Kisumu,Kisumu Yard,Daniel,Website,toyota,harrier,SUV,2018,Petrol,AUTOMATIC,GREY,two,"KSh 4,665,000",3928000,-10,"KSh74,000","102,000",Asset Finance,Cancelled,cancel,-1,29,FALSE,"KES -5,205,500"
ORD1072,2025/07/08,2025/07/11,Hassan Omondi,Corporate,35,Rift Valley,Nakuru,Nkr,Nakuru Yard,Grace Njeri,Facebook,SUBARU,Forester,SUV,2018,Hybrid,Automatic,WHITE,1,"KSh 3,760,000",3012000,2%,"KSh 132,000",,BANK,PENDING,IN TRANSIT,4.7/5,,returned,"KSh 3,816,800"
ORD1073,2025/10/19,2025/11/08,Joy Kariuki,Government,47,Central,Kiambu,Thikka,Thika Yard,Brian Otieno,Ig,Mazda,CX-5,suv,2025,Petrol,at,White,2,"KSh 3,667,000",#VALUE!,0.12,109000,155000,ASSET FINANCE,partial,completed,2.6,4,returned,"KSh 6,562,920"
ORD1074,2025/08/10,2025/08/14,Aisha Chebet,Dealer,63,Western,Kakamega,Kakamega,Kakamega Yard,Mary Wanj1Ku,Facebook,Mitsubishi,Pajero,SUV,2018,HYBRID,Automatic,Blue,2,"KSh 4,801,000",3814000,5%,16000,"KSh42,000",cheque,paid,DELIVERED,3.9 out of 5,35,no,"KES 9,137,900"
ORD1075,2025/12/23,2026/01/13,Samuel Njeri,Dealer,49,Western,Kakamega,Kakamega,Kakamega,Mercy Atieno,Instagram,B.M.W,x5,SUV,2023,dsl,manual,Pearl,1,"KES 9,573,000","KSh 7,362,000",2 percent,155000,230000,Cheque,PAID,At the yard,3.3,26,NO,19073080
ORD1076,11/30/2025,2025/12/25,Samuel Kimani,Dealer,25,Nyanza,Kisumu,Kisumu,Kisumu Yard,Daniel Kimani,Facebook,subaru,XV,CROSSOVER,2019,Petrol,Automatic,red,1,"KSh 2,283,000",1841000,Disc,136000,204000,bank,PAID,AT YARD,4.4 out of 5,26,FALSE,4381400
ORD1077,11/25/2025,2025/12/15,James Otieno,Dealer,38,Central,Kiambu,Thika,Thika,Aisha Mohamed,Referral,TOYOTA,Corolla,,,Gasoline,Automatic,,,"KSh 1,778,000","KES 1,447,000",0%,"22,000",,asset financing,Paid,Canceled,4.8 out of 5,10,NOT RETURNED,5.36M
ORD1078,11/03/2026,April 31 2026,Naomi Chebet,Government,58,Western,Kakamega,Kakamega,Kakamega Yard,Mercy Atieno,Referral,MERCEDES-BENZ,C200,sedan,2021,PETROL,auto,Blue,1,4549000,"KES 4,065,000",10%,"KSh 121,000",,mpesa,PARTIALLY PAID,DELAYED,4.6,10,N,"KSh 4,215,100"
ORD1079,23/07/2025,2025/07/24,John Muthoni,Government,46,Rift Valley,Nkr,Nakuru,Nakuru Yard,Kevin  Mwangi,Tender,BMW,320i,saloon,2019,hybrid,AUTOMATIC,Green,1,4301000,"KSh 3,311,000",7,"KES 86,000",0.12M,ASSET FINANCE,PAID,COMPLETED,4.0 out of 5,29,TRUE,4085929
ORD1080,2025/03/28,14/03/2025,Linda Mugambi,Corporate,37,Coast,Mombasa,Mombasa,Mombasa Port Yard,Peter Kiptoo,Website,Honda motors,VEZEL,Crossover,2021,Petrol,automatic,Blu,1,2489000,"1,910,000",10,0.12M,0.11M,cash,Paid,At Yard,2.8 out of 5,38,No,2355100
ORD1081,2026-13-04,2025/06/29,Linda Mutua,Dealer,unknown,Coast,Mombasa,Mombasa,Msa Yard,Brian Otieno,Facebook,Subaru,out back,Wagon,2021,Diesel,automatic,BLACK,1,3505000,2967000,7%,78000,129000,cheque,Complete,Delivered,4.4,31,Y,"3,337,650"
ORD1082,02/04/2026,2026/03/04,Mary Otieno,Ngo,52,Mt Kenya,Kiambu,Thika,Thika Branch,Brian Otieno,Phone Call,Mitshubishi,outlander,SUV,2021,diesel,Automatic,White,5,3336000,"KSh 3,031,000",15 percent,156000,209000,bank transfer,Pending,Delivered,3.4 out of 5,11,NO,"KSh14,334,000"
NAN,2025/04/27,2025/05/03,Faith Mohamed,Government,47,Rift Valley,Uasingishu,Eldoret,Eldoret Yard,Mercy Atieno,Facebook,Mercedes Benz,C200,Sedan,2018,Petrol,Automatic,Pearl,1,4798000,"4,154,000",0%,"KES 167,000","KSh 244,000",Cash,Paid,completed,4.0 out of 5,26,N,"KSh 4,965,000"
ORD1084,13/03/2025,2025/04/01,Aisha Achieng,Government,29,Central,Kiambu,Thika,Thika Yard,Samuel Mutua,Phone Call,Toyota Kenya,Hiece,van,2019,Petrol,Automatic,Blue,,4332000,3484000,50%,"KSh 62,000","KES 71,000",Cheque,Paid,DELIVERED,3.6 out of 5,23,not returned,2.23M
NAN,2026/03/23,04/09/2026,Winnie Wafula,Ngo,24,Westen,Kakamega,Kakamega,Kakamega Yard,Faith Achieng,Site,toyota,PRADO TX,Suv,2015,Petrol,Automatic,Pearl,2,"KSh6,959,000","KSh5,484,000",0.12,72000,91000,Asset Finance,Partially Paid,Delivered,,,not returned,12319840
ORD1086,01/31/2026,2026/02/11,Mary Achieng,Corp,27,Rift Valley,Nakuru,Nakuru,Nakuru Yard,Grace Njer1,Call,nissan,NOTE,Hatchback,2016,petrol,Automatic,Blu,5,"KSh 1,375,000","KES 1,203,000",5 percent,#VALUE!,"89,000",Bank Transfer,Paid,In Transit,2.5 out of 5,41,TRUE,6595250
ORD1087,2025/06/04,2025/06/06,Faith Otieno,Person,58,Riftvalley,Uasin Gishu,Eldoret,Eldoret Yard,Mercy,Phonecall,Mitsubishi,Outlander,SUV,2019,Petrol,manual,Black,1,"KSh 3,433,000","KES 3,046,000",Disc,"KSh 70,000","96,000",Bank Transfer,Paid,done,2.5,24,,3434340
ORD1088,2026/01/31,2026/02/16,Joy Wafula,Car Dealer,38,Coast,Mombasa County,Mombasa,Mombasa Port Yard,Mary Wanj1Ku,Instagram,Isuzu,Dmax Pickup,pickup,2018,DIESEL,Automatic,White,1,4.46M,3415000,,"KES 39,000",70000,M-PESA,Paid,At Yard,3.9 out of 5,6,returned,4362290
ORD1089,2026/01/10,2026/02/04,Kevin Ochieng,Dealer,45,Western,Kakamega,Kakamega,Kakamega Yard,Grace Njeri,Corporate Tender,Isuzu,N-Series,TRUCK,2020,diesel,A/T,pearl,3,5144000,4188000,7%,"KSh 97,000",113000,Bankers Cheque,Cancelled,cancelled,3.2 out of 5,12,No,0
ORD1090,06/05/2026,2026/05/22,Samuel Kiptoo,Dealer,25,Coast,Mombasa,Nyali,Mombasa Port Yard,Peter Kiptoo,Referral,mercedes benz,C200,saloon,2032,Petrol,auto,Green,1,"KSh5,159,000",4663000,15,"KSh 73,000","KSh 78,000",Cash,Completed,delivered,2.3,43,No,"KSh4,458,150"
ORD1091,29/11/2025,2025/12/12,Winnie Achieng,Dealer,38,West,Kakamega,Kakamega,Kakamega Yard,A1Sha Mohamed,Site,Subaru,Forester,SUV,2020,PETROL,m/t,Gre,1,"KSh 3,535,000",2774000,2,"KSh 142,000",159000,wire,PAID,delivered,3.5,24,NO,3966930
ORD1092,2025/11/05,2025/11/30,Grace Wanjiku,Government,60,Rift,Uasin Gishu,Eldoret,Eldoret Yard,Faith Achieng,Referral,HONDA MOTORS,Vezel,Crossover,2026,Petrol,MT,Red,2,2372000,"KSh 1,998,000",0.02,"153,000",0.1M,Bank Transfer,Paid,held,3.5 out of 5,20,returned,4802120
ORD1093,2025/06/21,2025/07/21,Joy Wanjiku,Individual,51,Msa Region,Mombasa,Mombasa,Mombasa Port,Aisha Mohamed,Whats App,Toyota,Prado TX,SUV,2021,petrol,auto,blue,1,"KSh7,151,000",5443000,twenty %,"KSh 131,000",164000,Cash,pending,Delivered,4.5 out of 5,19,YES,error
ORD1094,2025/04/21,05/13/2025,Kevin Ochieng,Government,40,Nairobi,Nairobi County,Nairobi,Nairobi Hq,Faith Achieng,Walk-In,Volkswagen,TIGUAN,SUV,2025,PMS,MANUAL,Grey,3,47050000,3707000,10%,38000,62000,Bank Transfer,Paid,DELIVERED,2.7,44,No,"-12,741,500"
ORD1095,2025/05/13,2025/05/19,Linda Wanjiku,Ngo,44,Nairobi,Nairobi,Nairobi,Nairobi Hq,Brian Otieno,Tender,Subaru,Impreza,saloon,2024,hybrid/petrol,a/t,Pearl,1,1728000,"1,452,000",15%,153000,"KES 175,000",cheque,DEPOSIT PAID,cancelled,3.9 out of 5,6,returned,"KSh810,900"
ORD1096,2025/09/21,06/10/2025,Aisha Mutua,Ngo,31,Western,Kakamega County,Kakamega,Kakamega Yard,Mary,Website,Toyota,prado-tx,suv,,Petrol,Automatic,black,1,"KSh 7,231,000","KES 6,304,000",3%,"KES 115,000","KSh 122,000",mpesa,Paid,delivered,3,41,No,7129070
ORD1097,2026/01/11,03/16/2026,Carol Wanjiku,Car Dealer,28,Rift Valley,Nakuru,Nakuru,Nkr Yard,Brian Otieno,Phone Call,Subaru,Outback,WAGON,2017,Diesel,AUTOMATIC,grey,1,"KES 3,369,000",KES 0,15%,"KSh 141,000",204000,CHEQUE,paid,DELIVERED,2.5 out of 5,20,No,3004650
ORD1098,,2026/06/21,Linda Achieng,Non Profit,56,Msa Region,Mombasa,Mombasa,Mombasa Port,Mary Wanj1Ku,Phone Call,Mazda,Axela,Sedan,202A,PETROL,Automatic,Silver,1,1819000,1532000,15%,"KSh 150,000",203000,Bankers Cheque,PAID,completed,4.2,20,FALSE,missing
ORD1099,2025/09/15,2025/10/10,,Retail,65,Eastern,Machakos,Athi River,Athi River Yard,Faith Achieng,Walk In,Subaru,outback,Wagon,2016,Diesel,AUTOMATIC,BLACK,1,"KES 3,715,000",2969000,5%,845000,"KSh 174,000",Cash,Paid,DELIVERED,2.5,,FALSE,3698250
ORD1100,,05/20/2026,Mercy Nyambura,Ngo,56,Central,Kiambu,Thikka,Thika Yard,Samuel Mutua,Phone Call,MAZDA,Demio,Hatchback,2016,Diesel,at,Silver,2,"KES 1,346,000",1090000,10%,"KES 37,000",48000,Asset Finance,AWAITING PAYMENT,ON THE WAY,4.0 out of 5,18,y,2459800
ORD1101,2026/04/21,2026/05/14,Carol Njeri,Govt,50,Coast,Mombasa,Mombasa,Mombasa Port Yard,Brian Otieno,Website,toyota,LAND CRUISER,SUV,2015,Gasoline,Automatic,whi,2,12378000,"KSh 9,527,000",0.03,"KSh113,000",146000,M-Pesa,Partially Paid,In Transit,3.4 out of 5,21,no,"KSh24,126,320"
ORD1102,2026/05/03,29/05/2026,Victor Ochieng,Individual,68,Coast,Mombasa,Mombasa,Mombasa Port Yard,Grace Njeri,Instagram,Honda,Vezel,CROSSOVER,2018,PETROL,Automatic,Silver,1,2789000,,20%,0.04M,0.04M,CASH,Paid,DELAYED,3.2 out of 5,4,y,"KSh 2,270,200"
ORD1103,2026/04/10,2026/04/30,Aisha Mutua,Corporate,64,Nyanza,Kisumu,Kisumu,Kisumu Yard,Brian Otieno,Website,TOYOTA,Harrier,suv,2021,Petrol,AT,Grey,1,4904000,4288000,0.12,"59,000",74000,check,COMPLETED,Delivered,-1,6,,4374520
ORD1104,2025/04/09,21/04/2025,Daniel Maina,Corporate,55,Rift Valley,Nakuru,Nakuru,Nakuru Yard,Mary Wanjiku,Walk-In,Isuzu,d-max,Pickup,2023,Hybrid,auto,Red,1,4302000,"KSh3,753,000",3%,"KES 42,000",38000,BANK TRANSFER,Paid,In Transit,3.0 out of 5,ten,,"KSh 4,214,940"
,2026/03/11,2026/03/28,Peter Nyambura,Company,27,Rift Valley,Uasingishu,Eldoret,Eldoret Yard,Brian Otieno,Ig,Toyota,HARRIER,SUV,Twenty Twenty,PETROL,Automatic,silver,1,"KES 4,049,000","KES 3,282,000",0.05,"KSh 60,000",105000,bank,PENDING,AT YARD,4,21,Y,"KSh3,906,550"
ORD1106,03/25/2026,,Hassan Ochieng,Individual,46,Coast,Mombasa,Mombasa,Mombasa Port,Mary Wanjiku,Face Book,BENZ,E250,sedan,2017,Diesel,Automatic,silver,3,"KSh 5,985,000","KSh5,233,000",7,51000,0.09M,Cheque,Paid,Delivered,2.5 out of 5,15,No,16749149
NAN,2025/01/10,,Winnie Achieng,Government,60,Coast,Mombasa County,Mombasa,Mombasa Port Yard,Samuel Mutua,Instagram,toyota,Fieldar,Wagon,2025,petrol,A/T,white,3,1636000,1295000,15%,"KES 90,000",138000,M-Pesa,complete,Cancelled,2.4 out of 5,16,TRUE,"KSh 4,261,800"
ORD1108,05/03/2025,2025/03/30,Kevin Mohamed,Dealer,51,Nairobi,Nairobi,Nairobi,Main Yard,Grace Njeri,Walk-In,TOYTA,hilux,Pickup,2018,petrol,AUTOMATIC,white,1,"4,894,000","KSh 4,313,000",unknown,"KES 160,000","KSh114,000",loan,Partially Paid,Delivered,3.0 out of 5,34,No,"KSh 4,319,900"
ORD1109,,2025/11/07,Brian Wafula,Dealer,37,Coast,Mombasa,Mombasa,Mombasa Port Yard,Mary,Walk-In,MERCEDES BENZ,E-250,sedan,2019,gasoline,Automatic,Pearl,1,"KSh7,033,000",5892000,Disc,42000,"KES 55,000",CHEQUE,Paid,IN TRANSIT,3.8 out of 5,11,no,6367500
ORD1110,2025/06/10,07/04/2025,Brian Mohamed,Individual,35,Central,Kiambu,Thika,Thika Yard,Faith Achieng,Corporate Tender,Nissan,Navara,Pickup,2017,Petrol,MT,WHITE,2,"KES 4,388,000",3778000,ten percent,162000,"KSh 159,000",CASH,pending,IN-TRANSIT,4.6 out of 5,8,returned,"KSh 8,499,200"
ORD1111,2025/11/02,11/29/2025,Hassan Mutua,Dealer,49,Central,Kiambu,Thika,Thika Yard,Kevin Mwangi,Facebook,volkswagen,Tiguan,SUV,2018,PMS,AT,grey,1,"KSh4,943,000",4111000,#ERROR,"KSh 111,000",128000,Loan,paid,DELIVERED,4.7/5,7,TRUE,4955140
ORD1112,,03/06/2026,James Chebet,Car Dealer,33,Nyanza,Kisumu,Kisumu,Kisumu Yard,Mercy  Atieno,Facebook,Mitsubish,Pajero,suv,2019,Petrol,AT,White,1,"KES 5,268,000","4,117,000",10%,52000,"KES 73,000",Cash,Paid,delivered,3.9 out of 5,8,yes,"KSh 4,793,200"
ORD1113,2025/01/10,01/04/2025,Kevin Kariuki,Ngo,44,Coast,Mombasa,Mombasa,Mombasa Port,Faith Achieng,Facebook,Toyota,COROLLA,saloon,2015,PMS,AUTOMATIC,White,one,"KSh1,691,000",1452000,Disc,"169,000",error,loan,Completed,Delivered,2.1 out of 5,33,No,1.78M
ORD1114,2025/10/19,2025/11/15,Hassan Mwangi,Government,23,Rift-Valley,Eldoret,Eldoret,Eldoret,Kevin,Website,Mazda,Atenza,SEDAN,2023,Petrol,auto,Blue,5,2565000,2330000,,0.17M,"KSh191,000",BANK TRANSFER,Awaiting payment,Transit,4.3 out of 5,2,YES,"KES 14,282,500"
ORD1115,03/13/2026,2026/04/09,Joy Chebet,Dealer,121,Nairobi,Nairobi,Nairobi,Nairobi Hq,Brian Otieno,Web,Toyota,HIACE,Van,2025,PMS,AUTOMATIC,blue,1,"KES 5,377,000","KSh4,429,000",0%,"73,000","KSh 116,000",check,PAID,At the yard,4.0 out of 5,4,No,"KES 5,450,000"
ORD1116,2026/03/16,2026/04/09,Aisha Wafula,Government,45,Rift-Valley,Nakuru,Nakuru,Nakuru Branch,Aisha Mohamed,Phone Call,toyota,Fielder,wagon,2025,Petrol,auto,GREY,1,"KSh1,876,000",1669000,0,"KES 86,000",119000,cash,Awaiting payment,delivered,4.7/5,ten,no,"KSh 1,962,000"
ORD1117,08/24/2025,2025/08/25,Mary Nyambura,Corporate,30,Rift Valley,Uasin-Gishu,Eldoret,Eldoret Yard,Daniel Kimani,Phone,Toyota,Harrier,SUV,2024,HYBRID,Automatic,White,1,"KSh 4,205,000","KES 3,246,000",0%,0.1M,"140,000",loan,Paid,in transit,4.1 out of 5,19,not returned,"KSh 4,307,000"
ORD1118,2025/12/01,2025/12/13,Grace Otieno,Govt,45,Central,Kambu,Thika,Thika Yard,Kevin Mwangi,Referral,SUBARU,outback,WAGON,2015,GASOLINE,AT,Grey,1,"KES 4,018,000",3654000,12%,67000,"KES 99,000",Cash,Paid,At Yard,2.9 out of 5,32,NO,3602840
ORD1119,06/13/2026,2026/06/23,Linda Omondi,Ngo,37,Central,Kiambu,Thika,Thika Yard,Daniel Kimani,Face Book,TOYOTA,Lc200,SUV,2022,Diesel,Automatic,green,1,12281000,10.91M,15%,"KSh 120,000",128000,Asset Finance,Paid,in transit,2.3,1,returned,10558850
ORD1120,2026/06/03,2026/06/24,Victor Mwangi,Non Profit,50,Central,Kambu,Thika,Thika Yard,Grace Njeri,Referral,Mazda,Demio,Hatchback,2016,dsl,Automatic,green,1,1320000,1159000,No Discount,0.09M,108000,mpesa,PAID,Cancelled,3.6 out of 5,37,No,1252600
ORD1121,2025/10/15,2025/11/14,James Mohamed,Government,0,Coast,Mombasa,Mombasa,Mombasa Port Yard,Aisha Mohamed,Instagram,Nissan,x-trail,suv,2016,Gasoline,AT,Grey,2,"KES 3,019,000",2414000,No Discount,40000,63000,M Pesa,Partially Paid,Delayed,3.5 out of 5,14,No,"KSh 4,655,070"
ORD1122,2025/07/31,2025/08/04,Faith Muthoni,Corporate,42,Central,Kiambu,Thika,Thika Yard,Brian,Walkin,Isuzu,N-Series,truck,2016,Petrol,manual,Green,1,"KSh 4,916,000","KSh 4,095,000",3,132000,"KSh141,000",M pesa,Completed,DELIVERED,3.7,28,,4900520
ORD1123,2026/03/08,2026/04/04,Kevin Mutua,Corporate,50,Ksm Region,Kisumu County,Kisumu,Kisumu Yard,Aisha  Mohamed,Walk-In,Toyota,hiace,VAN,2026,Hybrid,MT,White,1,"KSh5,054,000",4030000,5%,177000,"KSh 133,000",Cheque,Partially Paid,in transit,2.1 out of 5,3,not returned,4978300
ORD1124,2026/03/08,2026/03/17,James Kariuki,Ngo,67,Central,Kiambu,Thika,Thika Yard,Samuel Mutua,Referral,Mitsubishi,CANTER TRUCK,Truck,2020,Hybrid,Automatic,White,1,"3,544,000","KSh 3,151,000",3%,0.13M,#VALUE!,bank transfer,Pending,DELIVERED,2.5 out of 5,5,not returned,3565680
ORD1125,2025/09/13,2025/09/29,,Dealer,49,Ksm Region,Kisumu,Kisumu,Kisumu Branch,Daniel Kimani,Face Book,Toyota,HARRIER,SUV,2023,Petrol,Automatic,Pearl,1,"KSh4,807,000","KSh 4,189,000",12,"KSh 105,000",121000,Asset financing,pending,Done,4.4 out of 5,-1,FALSE,4335160
ORD1086,04/08/2026,,Mercy Mugambi,Ngo,53,Rift Valley,Uasin Gishu,Eldoret,Eldoret Yard,Mary Wanjiku,Instagram,Mazda,CX-5,SUV,2024,Petrol,AT,Blue,1,3422000,"KSh 2,880,000",0%,"99,000",missing,Cash,PAID,At the yard,3.1 out of 5,28,not returned,3521000
,2025/02/23,2025/05/02,,Government,33,Mt Kenya,Kiambu,Thika,Thika Yard,Faith Achieng,Website,TOYOTA,HARRIER,SUV,2016,Hybrid,auto,Pearl,3,4183000,"KSh3,678,000",15,"50,000",86000,Cash,partial,Cancelled,5,,YES,"10,716,650"
ORD1128,2025/04/03,2025/04/12,Joseph Achieng,Dealer,47,Rift Valley,Uasin Gishu,Eldoret,Eldoret Yard,Mary  Wanjiku,Phone,Toyota,hiace van,Van,2019,HYBRID,AT,BLACK,2,5366000,4418000,12 percent,"KSh 123,000",168000,ASSET FINANCE,CANCELLED,CANCELLED,4.7,16,n,"9,567,160"
ORD1129,2026/02/28,2026/03/10,Victor Mwangi,Government,25,Coast,Mombasa,Mombasa,Mombasa Port Yard,Kevin Mwangi,Instagram,HONDAA,CR-V,SUV,2025,Petrol,Automatic,red,2,3.85M,3034000,2%,"KSh 125,000",142000,Cash,Paid,DELAYED,4.5 out of 5,13,FALSE,3832560
ORD1130,2026/01/27,30/01/2026,Faith Kiptoo,Ngo,unknown,Riftvalley,Uasin Gishu,Eldoret,Eldoret,Mercy  Atieno,Website,Mitsubishi,outlander,SUV,2018,Hyb,Automatic,SILVER,1,3103000,2500000,0 percent,"KES 85,000","KSh 133,000",M-PESA,Paid,In Transit,4.3 out of 5,8,NO,"KSh 2,869,200"
ORD1131,,2025/07/09,Victor Kiptoo,Non Profit,58,Rift Valley,Uasin Gishu,Eldoret,Eldoret Yard,Mercy Atieno,Corporate Tender,Mitshubishi,Out lander,SUV,2016,DIESEL,A/T,Red,1,2971000,2589000,12%,"KSh 146,000",not available,RTGS,Paid,delivered,3.1,0,Yes,"KSh2,760,480"
ORD1132,2025/07/29,31/02/2026,Mary Mugambi,Corporate,27,Western,Kakamega,Kakamega,Kakamega Yard,Faith Achieng,Fb,Nisan,Juke,Crossover,2023,diesel,Automatic,White,1,"1,861,000",1483000,3%,140000,166000,M-Pesa,paid,IN TRANSIT,4.9 out of 5,11,NOT RETURNED,1945170
ORD1133,24/04/2026,05/11/2026,John Kariuki,Ngo,66,Rift,Nkr,Nakuru,Nakuru Yard,Aisha  Mohamed,Whatsapp,toyta,Landcruiser Prado,SUV,2026,hybrid/petrol,Automatic,Pearl,4,6468000,"KES 5,806,000",5%,0.02M,"KSh47,000",Asset Finance,paid,Delivered,4.2,35,no,49194800
ORD1134,2025/05/17,,Grace Nyambura,Government,44,Central,Kiambu County,Thika,Thika Yard,Mary Wanjiku,Phone Call,MAZDA,AXELA,sedan,2021,diesel,Automatic,Black,3,"1,621,000","KSh 1,329,000",0.12,138000,"KES 122,000",Asset Finance,PAID,Delivered,2.7 out of 5,36,No,"KES 4,417,440"
ORD1135,2025/02/23,2025/03/06,Brian Achieng,Ngo,29,Rift Valley,Nakuru County,Nakuru,Nakuru Yard,Peter  Kiptoo,Referral,Toyota,corolla,SEDAN,2026,Petrol,automatic,Green,1,"KSh 2,059,000","KSh 1,595,000",15%,68000,54000,bank,paid,ON THE WAY,3.9,41,NO,#VALUE!
ORD1136,2026/06/19,2026/07/11,Samuel Ochieng,Government,62,Riftvalley,Nakuru,Nakuru,Nakuru Yard,Samuel Mutua,Walkin,toyota,harrier,SUV,2022,Diesel,Automatic,silver,1,4862000,error,12 percent,125000,0.16M,cash,Partially Paid,in transit,3.6 out of 5,1,N,"KES 4,403,560"
ORD1137,2025/05/14,2025/06/03,Victor Maina,Person,35,Rift Valley,Nakuru,Nakuru,Nakuru Yard,Mercy Atieno,Whatsapp,TOYOTA,hillux,Pickup,2018,Petrol,AT,blue,1,5032000,"4,477,000",50%,KSh0,222000,Cheque,Paid,Delivered,3.4,25,Y,2684000
ORD1138,2025/05/29,2025/06/23,John Mwangi,Corporate,31,Coast,Mombasa,Mombasa,Mombasa Port Yard,Faith Achieng,Website,Mazda,CX 5,SUV,2016,diesel,AT,BLUE,1,3656000,"3,320,000",0.15,"91,000","KSh 122,000",Cheque,Paid,In Transit,4.7,9,No,3.2M
ORD1139,2025/10/26,,Mary Omondi,Dealer,32,Nyanza,Kisumu,Kisumu,Kisumu Yard,Kevin Mwangi,Corporate Tender,Isuzu,N-Series,Truck,2021,Diesel,Automatic,GREY,1,"5,385,000","KSh 4,889,000",5,84000,100000,Cash,paid,At Yard,4.1,37,NO,5199750
ORD1140,09/08/2025,2025/09/05,Grace Maina,Government,24,Western,Kakamega,Kakamega,Kakamega Yard,Kev1N Mwangi,Instagram,Honda,FIT,Hatchback,2020,Gasoline,AUTOMATIC,gre,2,,"KSh 1,126,000",10 percent,"KSh 116,000",0.18M,bank transfer,paid,Delivered,2.2 out of 5,,No,"KSh 2,411,000"
ORD1141,27/02/2025,2025/03/18,John Nyambura,Corporate,29,Central,Kiambu,Thika,Thika Yard,Brian Otieno,Instagram,bmw,BMW X5,SUV,1899,Diesel,Automatic,Blue,1,"KSh 10,434,000","KSh 8,082,000",7%,150000,178000,cash,Pending,done,4.8,26,FALSE,"9,853,620"
ORD1142,2026/06/06,2026/06/10,Grace Achieng,Ngo,37,Rift Valley,Uasin Gishu,Eldoret,Eldoret,Faith Achieng,Facebook,Toyota Kenya,Landcruiser Prado,SUV,2021,petrol,Automatic,BLUE,2,"KSh 7,763,000","KSh 6,904,000",5%,121000,176000,CHEQUE,Paid,delivered,2.1,41,N,"KSh14,870,700"
ORD1143,2025/04/11,2025/05/06,Joseph Mwangi,Ngo,50,Central,Kiambu,Thika,Thika Yard,Mercy Atieno,Walk-In,Toyota Kenya,AXIO,Sedan,2017,HYBRID,auto,blue,1,1651000,"KSh 1,489,000",12%,90000,114000,M-Pesa,Partially Paid,completed,3.8 out of 5,32,TRUE,"KSh 1,542,880"
ORD1144,08/23/2025,,Linda Achieng,Govt,22,,Kambu,Thika,Thika Yard,Kevin Mwangi,Facebook,Subaru,forester,SUV,,PMS,,,1,"KSh 3,507,000",2876000,12%,"KSh 120,000",98000,CASH,completed,Delivered,2.6 out of 5,26,No,"KSh 3,206,160"
ORD1145,,2025/12/01,Mercy Mutua,Ngo,59,Cental,Kambu,Thika,Thika Yard,Aisha,Phone Call,Mercedes-Benz,c200,Sedan,2019,Hybrid,Automatic,Green,1,"4,952,000",error,0,"KES 167,000",157000,Cash,Paid,DELIVERED,4,13,No,not available
ORD1146,2025/07/25,2025/08/04,James Omondi,Corporate,64,Western,Kakamega,Kakamega,Kakamega Yard,Samuel Mutua,Referral,Toyota,Corrola,Sedan,2017,petrol,Manual,Black,8,not available,"KES 1,533,000",15%,47000,35000,BANKERS CHEQUE,Pending,yard,2.9,27,N,"KSh 13,035,000"
ORD1147,2026/02/20,2026/02/27,John Njeri,Individual,50,Nyanza,Ksm,Kisumu,Kisumu Branch,Mercy Atieno,Walk In,MITSUBISH,Pajero,SUV,2018,petrol,Manual,Black,1,"KSh 5,101,000",4424000,20,80000,"KES 124,000",Cash,Pending,Cancelled,3.5,34,No,4160800
ORD1148,07/08/2025,2025/08/11,Victor Mwangi,Individual,50,Eastern,Machakos,Mlolongo,Athi River Yard,Brian Otieno,Phonecall,Toyota,Corrola,SEDAN,,Hybrid,Automatic,WHITE,1,"1,848,000",1479000,7,"KES 98,000","KSh 127,000",asset finance,PAID,At Yard,,25,YES,1998304
ORD1149,03/10/2026,2026/03/08,Faith Mwangi,Government,26,Riftvalley,Uasin Gishu,Eld,Eldoret Yard,Faith  Achieng,Call,MAZDA,Axela,SEDAN,2026,Hybrid,AUTOMATIC,Silver,2,2014000,"KSh 1,573,000",7%,"KSh 60,000",0.05M,Cheque,Cancelled,cancelled,,12,FALSE,KES 0
ORD1150,2025/03/20,2025/04/17,John Otieno,Ngo,64,Rift-Valley,Nakuru,Nakuru,Nakuru Yard,Grace Njeri,Facebook,Mitsubishi,Pajero,suv,,hybrid,auto,Pearl,1,5553000,"KSh 4,970,000",5%,"84,000",99000,Bank Transfer,Refunded,Delivered,2.6 out of 5,ten,,5359350
ORD1151,,2025/07/24,Winnie Njeri,Dealer,63,Eastern,Machakos,Mlolongo,Athi River,Aisha Mohamed,Face Book,mitsubishi,Canter,Truck,2016,Petrol,Automatic,Green,1,4338000,3534000,15 percent,119000,"KSh 130,000",Bank Transfer,Cancelled,Cancelled,3.5 out of 5,37,No,KSh 0
ORD1152,2025/08/21,2025/08/30,Mary Mohamed,Dealer,53,Eastern,Machakos,Athi River,Athi River Yard,Peter Kiptoo,Walk In,HONDA,Vezel,Crossover,1899,Electric,Manual,White,1,"KES 2,601,000",2.35M,5,68000,"KES 103,000",Bank Transfer,Pending,Delivered,2.8 out of 5,32,RETURNED,"KSh2,538,950"
ORD1153,2025/04/30,2025/05/13,Victor Maina,Dealer,63,Central,Kiambu,Thika,Thika Yard,Aisha Mohamed,Referral,Subaru,impreza,sedan,2024,Diesel,Automatic,Green,4,"KSh 2,023,000",1653000,7%,20000,29000,asset finance,complete,delivered,3.8 out of 5,38,No,7545559
ORD1154,,31/02/2026,Faith Mwangi,Ngo,61,Rift Valley,Uasin Gishu,Eldoret,Eldoret Yard,Daniel Kimani,Whatsapp,honda,vezel,Crossover,2024,Petrol,Automatic,white,1,2642000,"KSh 2,349,000",0%,94000,not available,Bank Transfer,Paid,Cancelled,2.2 out of 5,12,not returned,2736000
ORD1155,2025/03/28,2025/04/16,John Mutua,Corp,68,Rift Valley,Nakuru,Nakuru,Nakuru Yard,Samuel Mutua,Website,mitsubishi,Canter,Truck,2025,PETROL,A/T,Black,1,"KSh 3,561,000","KSh3,218,000",10%,"KSh 164,000","KSh 233,000",Bankers Cheque,cancelled,Delivered,2.8 out of 5,25,RETURNED,"KSh -3,368,900"
ORD1156,2025/06/13,16/06/2025,James Wafula,Individual,0,Coast,Mombasa,Mombasa,Mombasa Port Yard,Mary Wanjiku,Call,NISSAN,juke,CROSSOVER,2021,Petrol,automatic,white,1,missing,1592000,0.1,163000,"KSh 150,000",CHEQUE,Partially Paid,Delivered,5 out of 5,27,No,1757800
ORD1157,2025/08/20,2025/08/31,Carol Ochieng,Ngo,51,Riftvalley,Nakuru,Nakuru,Nakuru Yard,Grace Njeri,Whatsapp,Mitsubishi,Pajero,suv,2023,Hybrid,Automatic,Black,,4579000,"KES 3,919,000",0.05,"KSh138,000","KSh189,000",Bank transfer,Partially Paid,done,2.6,4,Not Returned,"KSh 4,936,855"
ORD1158,2025/08/13,2025/08/15,Mary Mohamed,Corporate,61,Nyanza,Kisumu,Ksm,Kisumu Yard,Grace Njer1,Instagram,TOYOTA,Prado TX,SUV,2015,Gasoline,Automatic,White,1,"KSh 6,845,000","KSh 5,632,000",0.1,"KSh178,000","KSh148,000",wire,Paid,Cancelled,2.8 out of 5,32,not returned,"6,338,500"
ORD1159,2025/01/21,2025/02/05,Grace Chebet,Car Dealer,54,Coast,Mombasa,Msa,Mombasa Port Yard,Aisha Mohamed,Corporate Tender,Toyota,Prado TX,SUV,2015,PETROL,AUTO,White,1,"KSh 7,473,000","KSh 6,501,000",7%,"KES 70,000",129000,BANKERS CHEQUE,Paid,Delivered,,35,NO,7019890
ORD1160,2025/08/01,2025/08/29,Joseph Maina,Person,31,Rift Valley,Uasin Gishu,Eldoret,Eldoret Yard,Mary Wanj1Ku,Referal,Totoya,harrier,SUV,2023,Gasoline,automatic,Blue,2,4117000,"3,198,000",0.1,69000,"KSh 67,000",Cash,complete,Transit,2.8,37,YES,"KSh -7,479,600"
ORD1161,11/10/2025,,Peter Maina,Individual,41,Rift Valley,Nakuru,Nakuru,Nakuru Yard,Dan1El Kimani,Facebook,Toyota Kenya,corolla,saloon,2017,Hybrid,Manual,Whi,1,"KSh 2,147,000","1,830,000",7%,"KSh88,000","KSh 69,000",asset finance,canceled,Cancelled,2.8 out of 5,41,no,2084709
ORD1162,2025/06/24,2025/07/15,Peter Wanjiku,Ngo,-5,Western,Kakamega County,Kakamega Town,Kakamega Yard,Mercy At1Eno,Website,subaru,Forester,SUV,2024,hybrid,AUTOMATIC,Black,1,3391000,"KSh2,814,000",25%,"KSh 38,000",85000,Cash,Pending,Delivered,2.5 out of 5,32,not returned,"KSh2,581,250"
ORD1163,2025/10/28,2026/02/16,Winnie Muthoni,Dealer,45,Western,Kakamega,Kakamega,Kakamega Yard,Grace Njeri,Corporate Tender,Honda motors,vezel,Crossover,2015,Diesel,auto,WHI,1,2.99M,"KES 2,670,000",5%,0.03M,42000,Cheque,Paid,IN-TRANSIT,4.3,2,YES,"KES 2,869,300"
ORD1164,2026/03/15,2026/04/02,James Kiptoo,Individual,48,Eastern,Machakos,Athi River,Athi River,Aisha Mohamed,Phone Call,Volkswagen,GOLF,Hatchback,Twenty Twenty,Electric,Automatic,silver,1,"KSh 2,444,000","1,994,000",7%,"KES 16,000","KSh 23,000",cheque,unpaid,Delivered,4.8 out of 5,34,No,2288920
ORD1165,2025/06/07,2025/06/26,Naomi Mutua,Individual,62,Central,Kambu,Thika,Thika Yard,Faith,Watsapp,ISZU,N-SERIES,Truck,202A,Hybrid,A/T,Black,3 cars,5165000,4392000,5%,170000,151000,M-Pesa,Pending,in transit,4.9 out of 5,38,,5076750
ORD1166,09/11/2025,26/09/2025,Grace Kimani,Ngo,32,Central,Kiambu,Thika,Thika Yard,Kevin  Mwangi,Instagram,Toyota,Harrier,SUV,,HYBRID,Manual,pearl,1,"KES 5,067,000",4499000,5 percent,168000,"KSh 150,000",Cheque,Pending,delivered,4.7 out of 5,33,,4981650
ORD1167,April 31 2026,03/17/2025,Carol Ochieng,Ngo,35,Western,Kakamega,Kakamega,Kakamega Yard,Brian Otieno,Phone,Toyta,Axio,sedan,2021,hybrid/petrol,a/t,Green,1,missing,1581000,10 percent,"KSh97,000","KSh 157,000",wire,PAID,held,2.5 out of 5,24,Yes,1767400
NAN,2026/02/13,15/03/2026,John Mugambi,Corporate,61,Western,Kakamega,Kakamega,Kakamega Yard,Grace Njeri,Refferal,toyota,COROLLA,SEDAN,2023,Dsl,Automatic,Green,1,"KES 2,021,000","KSh 1,804,000",12%,100000,missing,Asset financing,Completed,Delivered,4.2 out of 5,23,NO,"KSh1,878,480"
ORD1169,2025/12/21,2026/01/04,Faith Wafula,Government,45,Western,Kakamega,Kakamega,Kakamega Yard,Brian Otieno,Referral,Nissan,Juke,Crossover,2025,EV,manual,Blue,1,2200000,"KSh 1,798,000",0%,"KSh 130,000",127000,Bankers Cheque,pending,completed,4.6 out of 5,28,No,missing
ORD1170,2026/06/10,06/12/2026,Aisha Mohamed,Ngo,38,Nrb,Nairobi County,Nairobi,Nairobi Hq,Faith Achieng,Instagram,Totoya,Corolla,Sedan,2025,Hybrid,Automatic,White,1,"KES 2,004,000","KSh 1,785,000",12%,0.14M,155000,M pesa,Refunded,At the yard,2.0 out of 5,12,Yes,KSh 0
ORD1171,2026/05/27,06/01/2026,Peter Ochieng,Government,47,Coast,Mombasa,Msa,Msa Yard,Samuel Mutua,Instagram,Subaru,forester,Suv,2017,Diesel,auto,SILVER,3,"KSh 3,187,000","2,661,000",2%,"KSh 34,000","KSh 44,000",CASH,Partially Paid,done,3.1 out of 5,24,,"KES 9,403,780"
ORD1172,31/02/2026,2026/04/10,Aisha Kariuki,Corporate,thirty,Eastern,Machakos,Athi River,Athi River Yard,Faith Achieng,Referral,Mitsubishi,Canter,Truck,2026,PETROL,Automatic,whi,3 cars,3956000,3277000,2%,168000,185000,Cash,PARTIALLY PAID,DELIVERED,3.3 out of 5,37,not returned,4044880
ORD1173,,17/05/2026,Joy Chebet,Company,22,Nyanza Region,Kisumu,Kisumu,Kisumu Branch,Brian Otieno,Referral,Honda,fit,hatchback,2018,Petrol,AUTO,Red,5,"KSh 1,275,000",1105000,,42000,"KSh 58,000",M pesa,partially paid,Delivered,3.5,8,TRUE,"KSh5,779,500"
ORD1174,03/29/2025,2025/04/17,Joseph Kimani,Ngo,43,Nairobii,Nairobi,Nairobi,Nairobi Hq,Mercy  Atieno,Corporate Tender,toyota,fielder,Wagon,2018,petrol,AUTO,RED,1,1.89M,1.7M,10 percent,36000,"57,000",ASSET FINANCE,Paid,Cancelled,2.4,41,N,"KSh 1,732,500"
ORD1175,2025/10/03,2025/10/22,Winnie Kiptoo,Person,56,Eastern,Machakos,Athi River,Athi River Yard,Samuel Mutua,Facebook,Totoya,COROLLA,Sedan,1899,electric,auto,red,1,2015000,1676000,15%,"KSh 82,000","KES 96,000",Cheque,paid,delivered,2.4,12,No,1794750
ORD1176,2025/12/20,2025/12/30,James Wafula,Corporate,,East,Machakos,Athi River,Athiriver Yard,Mary Wanjiku,Instagram,Mazda,AXELA,SEDAN,2024,Hybrid,Automatic,white,1,1899000,1.52M,ten percent,not available,52000,M pesa,Cancelled,Cancelled,3.4,16,FALSE,"KSh1,935,020"
ORD1177,,09/17/2025,Unknown,Dealer,60,Western,Kakamega County,Kakamega Town,Kakamega Yard,Brian Otieno,Instagram,totoya,HIACE,Van,2025,Hybrid,manual,GREY,1,"KSh5,612,000","KSh4,319,000",7%,-67000,"82,000",M-Pesa,Paid,At yard,,35,No,"KSh 5,286,160"
ORD1178,2025/11/18,,Carol Achieng,Government,66,Rift Valley,Uasin Gishu,Eldoret,Eldoret Yard,Mary Wanjiku,Instagram,VOLKSWAGEN,Tiguan,SUV,2017,PETROL,Automatic,Sil,,"KSh 4,834,000",4.07M,15 percent,"KSh 46,000",52000,Cash,paid,Delivered,4.7/5,9,not returned,"KES 20,590,500"
ORD1179,2026/03/10,04/04/2026,John Kiptoo,Corporate,25,Rift,Nkr,Nakuru,Nakuru Yard,Samuel Mutua,Referral,nissan,X-TRAIL,Suv,2020,PETROL,MT,Green,1,3164000,"KSh2,506,000",10%,33000,0.06M,mpesa,Paid,on the way,4.0 out of 5,17,No,2880600
ORD1180,2026/02/18,2026/02/27,Kevin Muthoni,Corporate,39,Central,Kiambu,Thika,Thika Yard,Faith Achieng,Referral,totoya,Prado,SUV,2025,DIESEL,auto,Pearl,1,"KES 7,979,000","KSh 6,677,000",10 percent,"KSh 60,000",62000,Bank Transfer,paid,Delivered,2.5,0,FALSE,"KES 7,241,100"
NAN,03/04/2026,10/04/2026,John Kiptoo,Government,42,Westen,Kakamega,Kakamega,Kakamega Yard,Peter Kiptoo,Instagram,totoya,lc200,SUV,2017,Diesel,Automatic,Black,1,"KSh 12,156,000","KSh 10,364,000",5%,179000,152000,Asset financing,unpaid,Delivered,4.4 out of 5,38,TRUE,"KES 11,727,200"
ORD1182,2026/01/04,2026/01/18,John Kariuki,Government,23,Central,Kiambu,Thika,Thika Yard,Brian Otieno,Phone Call,subaru,outback,Wagon,2020,hybrid,Automatic,Grey,1,4175000,"KES 3,574,000",10%,"KES 109,000",not available,mpesa,partial,DELAYED,4.7,13,NO,"KSh 3,866,500"
ORD1183,2026/04/12,05/09/2026,Linda Mwangi,Government,45,Rift,Uasin Gishu,Eldoret,Eld Yard,Aisha Mohamed,Facebook,Honda,Fit Hybrid,HATCHBACK,2024,Hybrid,automatic,Pearl,1,1484000,"KES 1,170,000",5%,"KSh 45,000","KES 76,000",BANK TRANSFER,Paid,Delivered,4.6 out of 5,30,N,"KSh1,454,800"
NAN,2026/02/14,,Mercy Kariuki,Individual,47,Nairobii,Nrb,Embakasi,Nairobi Hq,Grace Njeri,Instagram,Mitsubishi,Canterr,truck,2025,Gasoline,Automatic,Silver,1,"3,661,000",3247000,7 percent,0.14M,"KSh 159,000",ASSET FINANCE,PENDING,At yard,3.9 out of 5,26,Yes,3540730
ORD1185,2025/10/07,2025/10/13,Victor Ochieng,Dealer,60,Western,Kakamega,Kakamega,Kakamega Branch,Faith  Achieng,Website,HONDA,vezel,Crossover,2021,Diesel,Automatic,white,4,2635000,"KES 2,265,000",,"KSh74,000",111000,ASSET FINANCE,Paid,Delivered,3.8 out of 5,11,not returned,"KSh 9,033,000"
ORD1186,2026/05/06,2026/05/25,Aisha Mugambi,Individual,25,Rift-Valley,Eldoret,Eldoret,Eldoret Yard,Mary Wanjiku,Whatsapp,honda,Fit,HATCHBACK,2023,petrol,Automatic,Silver,1,1343000,1126000,3%,64000,"KSh61,000",wire,deposit paid,DELIVERED,2.3,31,n,"KSh 1,366,710"
ORD1187,2025/09/01,09/11/2025,Kevin Otieno,Government,26,Nairobi,Nairobii,Nairobi,Nairobi Hq,Faith Achieng,Corporate,Mercedes-Benz,C-200,sedan,2021,Diesel,Automatic,WHITE,1,5.62M,"KES 4,789,000",0.03,"32,000",error,M-Pesa,CANCELLED,on the way,3.7,10,N,0
ORD1188,01/02/2025,2025/01/05,Peter Maina,Ngo,52,Eastern,Machakos,Mlolongo,Athi River Yard,Daniel Kimani,Instagram,subaru,Outback,Wagon,2024,Petrol,AUTO,white,1,"KSh3,558,000",3082000,7%,156000,233000,Bank Transfer,paid,In Transit,4.8 out of 5,,Y,"KES 3,464,940"
ORD1189,2025/12/28,2026/01/22,Hassan Omondi,Dealer,55,Central,Kambu,Thikka,Thika Yard,Daniel  Kimani,Refferal,nissan,Navara,Pickup,2023,Petrol,Automatic,Gre,1,4661000,3891000,7 percent,18000,"KSh32,000",Asset Finance,PARTIALLY PAID,In Transit,3,33,No,4.35M
ORD1190,2025/11/27,2025/12/19,Grace Otieno,Person,58,Rift Valley,Nakuru,Nakuru,Nakuru Yard,Grace Njeri,Corporate Tender,Honda,Fit,HATCHBACK,2026,Petrol,A/T,Green,1,"KSh 1,458,000","KSh 1,277,000",5 percent,"142,000","KSh 223,000",BANK TRANSFER,CANCELLED,Canceled,-1,21,TRUE,0
,2025/01/11,2025/01/17,Kevin Nyambura,Individual,23,Rift Valley,Uasin Gishu,Eldoret,Eldoret Branch,Peter Kiptoo,Phone Call,toyota,Prado TX,Suv,2017,Dsl,Manual,Black,1,6874000,5817000,-10%,"KES 86,000",97000,Cheque,Paid,Delivered,4.2 out of 5,28,FALSE,"KSh 7,647,400"
ORD1192,2025/04/06,18/04/2025,Mercy Kariuki,Dealer,50,Central,Kiambu County,Thika,Thika Yard,Grace Njeri,Web,Toyota,land-cruiser,SUV,202A,petrol,Manual,Grey,1,122420000,9382000,unknown,0.17M,not available,M-PESA,deposit paid,Delivered,3.6,15,NO,-2283399
ORD1193,2026/01/13,2026/02/11,Kevin Nyambura,Government,68,Rift Valley,Uasin Gishu,Eldoret,Eldoret Branch,Aisha Mohamed,Whatsapp,Totoya,Prado tx,Suv,2019,Hybrid,AT,blue,3,not available,"KSh 5,640,000",0.05,42000,"KES 72,000",Bank Transfer,Partially Paid,yard,2.1 out of 5,,No,"KSh18,532,800"
ORD1194,2025/10/07,31/02/2026,Kevin Njeri,Person,53,Coast,Mombasa,Mombasa,Mombasa Port Yard,Peter  Kiptoo,Whats App,Toyota,Harier,SUV,2022,petrol,auto,Red,1,"KSh 4,615,000","KSh4,036,000",10%,KSh 0,180000,CHECK,PAID,Delivered,5.0 out of 5,4,not returned,4306500
ORD1195,2025/01/05,01/13/2025,James Mutua,Dealer,37,Western,Kakamega,Kakamega,Kakamega Branch,Mercy Atieno,Refferal,Mazda,Cx-5,SUV,2018,petrol,automatic,black,8,"3,866,000",3251000,0.2,41000,0.06M,Bank Transfer,Part Paid,Cancelled,2.7 out of 5,6,not returned,24.78M
NAN,2025/11/17,11/21/2025,Joy Mugambi,Company,60,Rift Valley,Nakuru,Nakuru,Nkr Yard,Samuel Mutua,Refferal,Nissan,Juke,CROSSOVER,2021,PMS,At,Sil,7,1.95M,1692000,10%,145000,"KSh 222,000",M-Pesa,Refunded,at yard,2.5 out of 5,15,not returned,#VALUE!
ORD1197,04/28/2025,05/25/2025,,Individual,29,Western,Kakamega,Kakamega,Kakamega Yard,Dan1El Kimani,Referral,Mazada,CX-5,SUV,2019,petrol,auto,Blue,4,"KES 3,551,000","KSh2,814,000",No Discount,not available,"KES 101,000",RTGS,PENDING,At Yard,4.6,33,No,11476200
ORD1198,2025/10/27,,Hassan Mwangi,Individual,57,Nairobi,Nairobi,Nairobi,Nairobi Hq,Faith Achieng,Instagram,Honda,VEZEL,Crossover,2026,PETROL,Automatic,Grey,1,3028000,"KSh 2,401,000",120%,"23,000",60000,M-Pesa,cancelled,cancelled,2.7 out of 5,0,No,missing
ORD1199,2025/11/16,2025/11/28,Daniel Kariuki,Dealer,46,West,Kakamega,Kakamega,Kakamega Yard,Mercy  Atieno,Corporate Tender,Toyta,Fielder,wagon,2017,petrol,Automatic,Pearl,4,1738000,1429000,,0.18M,252000,Cheque,Completed,DELIVERED,3.1 out of 5,0,No,6644360
ORD1200,April 31 2026,,Peter Ochieng,Corporate,27,Nyanza,Kisumu,Kisumu,Ksm Yard,Samuel Mutua,Walk In,Mazda,Atenza,Sedan,2015,Diesel,Manual,Grey,5,"KSh 2,660,000","KSh2,241,000",5%,"KSh141,000","KSh 137,000",RTGS,part paid,At Yard,3.2,36,No,12776000
ORD1201,,2026/02/24,Brian Wanjiku,Non Profit,58,Central,Kiambu,Thika,Thika Branch,Mary,Instagram,Toyota Kenya,Land Cruiser,SUV,2018,gasoline,Automatic,Gre,1,14682000,"KES 11,987,000",0.12,#VALUE!,"KSh151,000",rtgs,PAID,Canceled,2.8,-3,No,"KSh 6,509,080"
NAN,2026/03/21,2026/04/09,Brian Ochieng,Retail,58,Nairobi,Nrb,Nairobi,Nairobi Hq,Faith Achieng,Corporate,Honda,Vezel,CROSSOVER,2021,Dsl,automatic,black,2,"KSh 2,430,000",2087000,Disc,106000,75000,M-Pesa,Canceled,Canceled,2.7,39,FALSE,"KSh 4,382,800"
ORD1203,2026/02/16,17/03/2026,Aisha Mohamed,Corporate,27,Nbi,Nairobii,Nairobi,Nairobi Hq,Aisha Mohamed,Corp Tender,Toyta,hilux,pickup,2020,Diesel,Automatic,Pearl,3,"KES 5,527,000","KSh -4,841,000",12 percent,138000,159000,Cash,PAID,in transit,5,13,No,"16,202,208"
ORD1204,2025/05/26,2025/06/19,Mary Kiptoo,Corporate,55,Central,Kiambu,Thika,Thika Yard,Mercy At1Eno,Insta,isuzu,D-Max,pickup,2015,Petrol,automatic,red,1,"4,230,000","KSh3,526,000",3%,130000,181000,Cheque,paid,DELIVERED,4.2 out of 5,32,NO,"KSh 4,233,100"
ORD1205,2026/04/05,2026/04/07,James Maina,Corporate,25,Rift Valley,Nakuru County,Nakuru,Nakuru Yard,Faith  Achieng,Facebook,HONDA,Fit Hybrid,hatchback,2015,petrol,manual,Blue,1,"KES 1,275,000",,0.02,160000,#VALUE!,Bank transfer,Paid,Delivered,2.4 out of 5,41,No,"KSh 1,409,500"
ORD1206,03/09/2025,2025/09/26,Faith Maina,Individual,42,Eastrn,Machakos,Athi River,Athi River Yard,Grace Njeri,Referral,HONDA,vezel,Crossover,2017,petrol,automatic,Blue,1,"KSh 3,042,000",2319000,,"166,000","KSh 211,000",M-Pesa,PAID,DELIVERED,3,16,RETURNED,"KES 3,208,000"
ORD1207,2026/01/17,2026/02/08,Mary Mutua,Government,27,Nyanza,Kisumu,Kisumu,Kisumu Yard,Brian Otieno,Corporate Tender,Isuzu,Dmax,Pickup,2023,petrol,Automatic,Pearl,4,"KES 4,625,000","KSh 3,590,000",5%,"134,000",182000,Cheque,Paid,DELIVERED,3.6 out of 5,45,YES,"KSh 17,709,000"
ORD1208,2025/04/25,April 31 2026,Carol Maina,Retail,-5,Rift,,Eldoret,Eldoret Yard,Brian Otieno,,Mitsubishi,Outlander,SUV,,Petrol,,Black,1,"KSh3,367,000","KSh 2,607,000",12%,-146000,"201,000",Asset Finance,PENDING,delayed,3.4 out of 5,11,,"KES 3,419,856"
ORD1209,2025/09/24,24/10/2025,Kevin Otieno,County Govt,28,Rift Valley,Eldoret,Eldoret,Eldoret Yard,Samuel  Mutua,Phone Call,Honda,Vezel,Crossover,2015,Diesel,Manual,WHITE,1,"KSh2,755,000",2483000,15 percent,40000,"73,000",check,paid,On The Way,4.3 out of 5,0,No,1190875
ORD1210,08/07/2025,2025/07/03,James Chebet,Car Dealer,46,Western,Kakamega,Kakamega,Kakamega Branch,Faith Achieng,Insta,Nissan,Navara,Pickup,2017,Diesel,Automatic,grey,3,4724000,"KSh 3,868,000",#ERROR,39000,50000,M pesa,COMPLETED,COMPLETED,4.5,8,,13927560
ORD1211,26/07/2025,31/02/2026,Brian Nyambura,Individual,67,Eastrn,Machakos,Athiriver,Athiriver Yard,Grace Njeri,Whatsapp,Toyota Kenya,Prado Tx,suv,2019,petrol,AUTO,Bla,3 cars,6918000,"KSh5,906,000",5%,not available,0.21M,Cash,Paid,Done,2.3 out of 5,19,not returned,"KSh6,749,100"
NAN,08/02/2026,2026/03/06,John Mohamed,Dealer,68,Central,Kiambu,Thika,Thika Yard,Mary Wanjiku,Website,Nissan,Note,Hatchback,2022,petrol,Automatic,Green,2,"1,349,000","KSh1,170,000",12 percent,"KES 55,000","KES 102,000",wire,Paid,DELIVERED,3.2 out of 5,41,No,"1,214,620"
ORD1213,2025/11/17,2025/12/13,Mercy Wanjiku,Dealer,61,Eastern,Mks,Athi River,Athi River Yard,Grace Njeri,Ig,Mazda,DEMIO,HATCHBACK,2016,petrol,Auto,Blue,3 cars,"KSh 1,312,000","KSh1,088,000",5%,,"KES 153,000",Loan,PAID,DELIVERED,4.7/5,25,No,1379400
ORD1214,2025/12/12,26/12/2025,Naomi Maina,Government,33,Central,Kambu,Thikka,Thika Yard,Peter Kiptoo,Facebook,TOYOTA,Fieldar,Wagon,2018,petrol,Automatic,green,3 cars,1952000,1605000,7%,82000,"KSh 104,000",Cash,Paid,in transit,2.1 out of 5,19,NO,"KSh 5,528,080"
ORD1215,2025/03/24,2025/04/21,Unknown,Ngo,30,Rift Valley,Nakuru,Nakuru,Nakuru Branch,Daniel Kimani,Corporate Tender,mazda,Atenza,Sedan,2023,hybrid/petrol,Automatic,Green,1,"KSh 2,480,000","KSh2,032,000",15,"KSh146,000","KSh 143,000",M pesa,Paid,Delivered,4.7 out of 5,39,returned,"KSh 4,508,000"
ORD1216,2025/08/24,2025/09/06,Mary Mohamed,Individual,-5,Central,Kiambu,Thika,Thika,Aisha  Mohamed,Phone Call,volks wagen,Tiguan,SUV,2023,Dsl,automatic,GREEN,1,"KSh 4,591,000","KSh 3,901,000",,"KSh 97,000",129000,check,PAID,Delivered,4.6 out of 5,11,N,4596180
ORD1217,2025/05/09,2025/06/07,Mary Wanjiku,Govt,56,Riftvalley,Uasin Gishu,Eldoret,Eldoret Yard,Grace Njeri,Walk-In,TOYOTA,Axio,sedan,2016,hybrid,AUTOMATIC,Pearl,1,1875000,"1,638,000",-0.1,"48,000",#VALUE!,Cheque,Pending,AT YARD,3.7,20,No,1055250
ORD1218,2026/06/16,2026/06/22,James Mugambi,Individual,43,Eastern,Machakos,Athiriver,Athi River Yard,Faith Achieng,Whatsapp,Honda motors,VEZEL,Crossover,2022,PETROL,automatic,Red,1,2755000,2332000,Disc,"KSh 35,000","KSh51,000",M-Pesa,PAID,completed,2.8,8,No,2707350
ORD1219,2025/05/21,2025/05/09,Victor Muthoni,Dealer,35,Eastern,Machakos,Athiriver,Athi River Yard,Peter,Phone Call,toyota,Hilux,Pickup,202A,PETROL,Automatic,Silver,4,"KES 5,601,000","KSh 4,957,000",2,"KSh 116,000","KES 177,000",BANK,COMPLETED,Delivered,3.1,22,No,22.07M
ORD1220,2025/01/17,24/01/2025,Aisha Omondi,Individual,42,Western,Kakamega,Kakamega,Kakamega Yard,Br1An Otieno,Site,toyota,Harrier,suv,2015,hybrid/petrol,Manual,GREY,1,3937000,3.54M,15%,"KSh92,000","KES 101,000",Asset Finance,Paid,Delivered,4.4,27,not returned,3782295
ORD1221,2025/12/05,2025/12/14,Kevin Wanjiku,Non Profit,62,Nyanza,Kisumu,Kisumu,Ksm Yard,Daniel Kimani,Instagram,Mercedes-Benz,E250,saloon,2015,Petrol,auto,BLACK,1,7019000,6005000,15%,145000,175000,cash,Paid,cancelled,2.4 out of 5,41,,not available
ORD1222,03/05/2026,2026/05/25,James Muthoni,Ngo,25,Nairobi,Nairobi,Nairobi,Nairobi Hq,Faith Achieng,Corporate Tender,Mitsubishi,Canter,TRUCK,2026,Petrol,AUTOMATIC,GREEN,1,"KES 3,779,000","3,125,000",5%,not available,94000,M-PESA,cancelled,Cancelled,4.7,35,No,0
ORD1223,2026/03/09,2026/04/28,Winnie Njeri,Dealer,58,Nrb,Nairobi,Nairobi,Main Yard,Kevin Mwangi,Website,Toyota,Harrier,SUV,2025,Diesel,MANUAL,Whi,1,"4,102,000",3684000,120%,"KSh 83,000","KSh 98,000",asset finance,Refunded,on the way,2.5 out of 5,1,Y,"737,399"
ORD1224,2025/03/21,2025/04/06,Naomi Mutua,Corporate,121,Cost,Mombasa,Mombasa,Mombasa Port Yard,Faith Achieng,Phone Call,Honda motors,Vezel,CROSSOVER,2024,HYBRID,Automatic,Blue,1,2443000,2208000,3%,52000,,Cash,Paid,DELIVERED,2.8 out of 5,29,NO,4843420
ORD1174,2026-13-04,,Naomi Wanjiku,Person,48,Westen,Kakamega,Kakamega,Kakamega Yard,Mary  Wanjiku,Instagram,Mazda,Atenza,sedan,2016,Gasoline,AT,SILVER,1,"KSh 2,671,000","KSh2,387,000",7%,72000,"KSh76,000",Bank Transfer,Partially Paid,Delivered,2.6 out of 5,5,NOT RETURNED,2556030
NAN,2025/12/21,2026/01/18,Naomi Nyambura,Company,35,Cost,Mombasa County,Mombasa,Mombasa Port,Mercy Atieno,Instagram,Mazda,C X5,SUV,2023,petrol,Automatic,Whi,-1,"KES 3,560,000",3030000,10 percent,"KSh82,000","KES 85,000",Cash,Paid,In Transit,2.8 out of 5,27,no,"KES 3,286,000"
ORD1227,01/07/2025,2025/07/07,Peter Mutua,Individual,65,Rift-Valley,Nakuru,Nakuru,Nkr Yard,Brian Otieno,Whatsapp,Toyta,Harrier,SUV,2026,PETROL,AUTOMATIC,blue,1,"KSh 4,445,000",3843000,12 percent,46000,52000,bank,pending,Delivered,4.2,27,TRUE,3957600
NAN,2025/11/24,2025/12/12,Faith Kiptoo,Corporate,43,Central,Kiambu,Thika,Thika Yard,Kevin Mwangi,Phone Call,HONDA,fit,Hatchback,2020,Petrol,Automatic,GREY,5,"1,592,000","KSh 1,347,000",1.2,111000,"KSh 124,000",M-Pesa,Paid,In Transit,4.3 out of 5,14,returned,"KSh -1,480,999"
ORD1229,2026/06/03,2026/05/31,Linda Mutua,N.G.O,62,Nairobii,Nairobii,Nairobi,Main Yard,Mercy,Whats App,nissan,Note,Hatchback,2026,Petrol,Manual,RED,2,"KES 1,189,000",932000,0,"KSh19,000",TBD,M PESA,paid,In Transit,3.0 out of 5,2,No,2.4M
ORD1230,2025/05/12,19/05/2025,John Mugambi,Dealer,55,Central,Kiambu,Thika,Thika Yard,Br1An Otieno,Referal,ISUZU,N-Series,Truck,2015,petrol,AUTOMATIC,White,1,"KSh 4,783,000",3640000,5%,"KSh 110,000",146000,Cheque,pending,Delivered,3.6,38,No,"KSh 4,653,850"
ORD1231,2025/05/16,2025/05/19,Faith Mwangi,Individual,67,Western,Kakamega,Kakamega,Kakamega,Daniel Kimani,Face Book,subru,XV,CROSSOVER,2017,Petrol,Automatic,Black,1,not available,1831000,7%,84000,"KES 73,000",Bank transfer,CANCELLED,Done,6,13,Y,0.0M
ORD1232,2025/08/28,2025/09/23,Kevin Wanjiku,Ngo,27,Nyanza Region,Kisumu,Kisumu,Ksm Yard,Br1An Otieno,Website,Totoya,FIELDER,wagon,2015,Petrol,Automatic,black,1,1880000,"KSh1,675,000",0%,15000,14000,Cash,cancelled,Done,4.3 out of 5,39,y,KSh0
ORD1233,2025/10/30,2025/11/04,Winnie Maina,Dealer,47,Rift Valley,Nkr,Nakuru,Nakuru Yard,Grace Njer1,Website,mazda,cx-5,SUV,2025,Diesel,A/T,silver,4,"KES 3,473,000",2.75M,0.05,"KES 25,000",42000,M-Pesa,Paid,done,3.1,6,YES,13222400
NAN,2026/04/18,2026/05/16,Kevin Kimani,Ngo,33,Coast,Mombasa,Mombasa,Mombasa Port Yard,Mercy,Phone Call,BMW,X-5,SUV,Twenty Twenty,Hyb,Automatic,White,1,"KES 9,991,000",8484000,15%,"KSh 117,000",0.17M,asset finance,paid,Delivered,5.0 out of 5,10,Yes,8609350
ORD1235,2026/05/14,2026/05/18,Joseph Otieno,Individual,67,Nyanza,Kisumu,Kisumu,Kisumu Yard,Peter Kiptoo,Corporate Tender,HONDA,CR-V,suv,2024,PETROL,manual,GREY,,4408000,3.37M,10%,98000,"KSh 93,000",bankers cheque,paid,delivered,3.1,4,NO,"4,065,200"
ORD1236,2025/09/17,2025/09/03,Joy Kariuki,Company,36,Eastern,Mchakos,Mlolongo,Athi River Yard,Kevin,Walk-In,nisan,XTRAIL,SUV,2022,pms,a/t,PEARL,1,"KSh 3,631,000",2829000,0%,0.04M,66000,M-Pesa,Paid,Delivered,3.4 out of 5,45,No,3676000
ORD1237,2025/12/16,11/04/2026,Mercy Muthoni,Government,41,Nyanza,Ksm,Kisumu,Ksm Yard,Daniel Kimani,Watsapp,Subaru,Forester,SUV,2020,Diesel,auto,silver,1,0,"KSh3,054,000",0.05,54000,63000,cash,Paid,in transit,3.2 out of 5,20,,"KES 3,648,800"
ORD1238,2025/10/24,,Mary Maina,Ngo,28,Rift Valley,Nakuru,Nakuru,Nakuru Yard,Faith Achieng,Facebook,Benz,C200,SEDAN,2015,diesel,at,Red,1,5736000,"4,678,000",2%,72000,0.08M,CASH,complete,DELAYED,2.4 out of 5,1,returned,"KSh 5,693,280"
ORD1239,2026/05/14,01/06/2026,Grace Nyambura,Government,30,Eastrn,Machakos,Athi River,Athi River Yard,Grace Njeri,Walk In,Mazda,Demio,HATCHBACK,2021,pms,A/T,RED,1,1269000,1085000,0.2,"KSh 57,000",68000,Cheque,Paid,at yard,4.7 out of 5,34,TRUE,1072200
ORD1240,2026/05/30,2026/06/16,Grace Njeri,N.G.O,46,Nyanza,Kisumu,Kisumu,Kisumu Yard,Aisha,Website,mazda,ATENZA,Sedan,,petrol,AUTOMATIC,Silver,2,2597000,2102000,3%,"KSh 142,000","KSh165,000",LOAN,REFUND,Delayed,3.2 out of 5,1,YES,0
ORD1241,2025/10/16,2025/11/15,Victor Kiptoo,Government,66,Riftvalley,Uasin-Gishu,Eldoret,Eldoret Yard,Grace Njeri,Phone Call,BMW,320i,SEDAN,2019,Hybrid,automatic,gre,1,"KSh4,279,000","3,511,000",0.07,"31,000","KSh42,000",cheque,CANCELLED,Cancelled,3.6 out of 5,12,TRUE,missing
ORD1242,2026/04/06,04/04/2026,Kevin Wafula,Corporate,28,Rift Valley,Nakuru,Nakuru,Nakuru Branch,Grace Njeri,Facebook,Mercedes-Benz,C200,Sedan,2017,diesel,A/T,Blue,7,"5,660,000",4983000,3%,"KES 79,000","104,000",CHEQUE,Awaiting payment,Delivered,2.6 out of 5,43,Y,38510400
ORD1243,2025/02/02,2025/02/21,Grace Kiptoo,Non Profit,58,Rift Valley,Eldoret,Eldoret,Eldoret,Mercy Atieno,Walkin,SUBARU,imprezza,sedan,2022,hybrid/petrol,Automatic,Pearl,1,2.15M,1852000,0%,62000,"80,000",Cash,complete,delivered,4.9 out of 5,20,,"KSh1,674,500"
ORD1244,2026/04/19,2026/05/06,Daniel Mwangi,Ngo,36,Coast,Msa,Mombasa,Mombasa Port,Brian Otieno,Phone Call,Toyta,fielder,Wagon,2016,hybrid,Automatic,Red,1,1.73M,"KSh 1,335,000",0.02,56000,missing,M pesa,PENDING,Canceled,4.9 out of 5,17,FALSE,"KES 1,755,320"
ORD1245,2025/10/29,11/24/2025,Brian Maina,Corporate,45,Western,Kakamega,Kakamega,Kakamega Yard,Mercy  Atieno,Website,Subaru,Forestar,SUV,2026,PETROL,Automatic,White,1,"3,043,000",2323000,0.1,"KES 112,000",TBD,cheque,Paid,Done,4.3 out of 5,30,YES,"KSh3,135,770"
ORD1246,2025/05/30,2025/06/02,,Corp,31,Coast,Mombasa,Msa,Mombasa Port Yard,Grace Njeri,Web,honda,Fit Hybrid,Hatchback,2022,Hybrid,Automatic,White,1,"KSh1,470,000",#VALUE!,,106000,170000,Asset Finance,PAID,delivered,4.0 out of 5,44,TRUE,"KSh 1,546,600"
ORD1247,2025/01/09,01/30/2025,Daniel Maina,Dealer,52,Eastern,Machakos,Athi River,Athi River Yard,Daniel,Instagram,Toyta,Prado tx,SUV,2026,PETROL,AUTOMATIC,Grey,3,6996000,"5,362,000",,KSh 0,"KSh 48,000",Cash,Paid,delivered,4.5 out of 5,6,not returned,"KSh 18,931,200"
ORD1248,2025/11/11,2025/12/09,Joseph Omondi,Corporate,64,Coast,Msa,Mombasa,Mombasa Port Yard,Brian  Otieno,Corporate Tender,MITSHUBISHI,outlander,SUV,2021,Petrol,AUTOMATIC,Bla,1,3444000,2841000,2%,"KSh 164,000","KSh 225,000",CHEQUE,Paid,Done,4.4 out of 5,27,,"KSh3,539,120"
ORD1249,2025/10/26,,Hassan Wanjiku,Car Dealer,57,Nairobi,Nrb,Nairobi,Nairobi Hq,Brian Otieno,Referral,B.M.W,320I,Sedan,2016,Diesel,MT,Pearl,1,4349000,"KSh3,923,000",10%,40000,"KSh65,000",cheque,CANCELLED,CANCELLED,,12,not returned,KSh 0
ORD1250,,2025/08/26,Victor Maina,Ngo,56,Western,Kakamega,Kakamega,Kakamega Yard,Daniel Kimani,Phone Call,Totoya,COROLLA,SEDAN,2024,Petrol,Automatic,white,1,1775000,1401000,0.25,"KSh 34,000",52000,Bank Transfer,Paid,completed,4.7,29,,"1,365,250"
ORD1251,01/15/2025,05/05/2025,John Achieng,Individual,41,Msa Region,Mombasa County,Mombasa,Mombasa Port Yard,Samuel Mutua,Phone Call,V.W,golf,Hatchback,2025,PETROL,Manual,SILVER,1,"KSh 1,927,000","KSh 1,730,000",2 percent,152000,,Cheque,PAID,completed,Excellent,20,TRUE,2.04M
ORD1252,2025/01/23,,James Wafula,Government,39,Nyanza,Kisumu,Kisumu,Kisumu Yard,Grace  Njeri,Referral,MITSUBISHI,Pajero,suv,2023,DIESEL,auto,GREY,1,4376000,"KES 3,530,000",Disc,"KES 93,000",116000,Asset Finance,Paid,At Yard,2.7,14,Yes,"KSh4,162,679"
ORD1253,27/02/2025,2025/03/18,Peter Maina,Corporate,40,Nyanza,Ksm,Kisumu,Kisumu Yard,Daniel Kimani,Corporate Tender,Nissan,XTRAIL,SUV,2020,Petrol,Manual,pearl,1,KSh0,2632000,0.5,"KES 18,000",26000,BANK TRANSFER,Cancelled,Cancelled,4.1,12,returned,KSh 0
ORD1254,2025/04/10,2025/04/30,Naomi Otieno,Individual,57,Central,Kiambu,Thikka,Thika Branch,Fa1Th Achieng,Referral,Toyota,Hilux,Pickup,2018,Gasoline,at,White,1,6132000,5461000,-10,137000,"KSh 103,000",M PESA,partial,In Transit,4.2,16,FALSE,6193980
ORD1255,2025/03/21,2025/04/02,Faith Nyambura,Dealer,25,Rift Valley,Nakuru,Nakuru,Nakuru Yard,Grace,Referral,toyota,Prado TX,SUV,2016,diesel,Automatic,White,-1,"KSh 7,911,000","KES 6,248,000",-10 percent,49000,96000,Cash,Partially Paid,DONE,2.0 out of 5,28,Yes,#VALUE!
ORD1256,2025/05/29,,Daniel Mugambi,Dealer,30,Eastern,Machakos,Athi River,Athi River Yard,Mercy  Atieno,Website,Mitshubishi,Canterr,Truck,2015,Gasoline,M/T,Pearl,1,"KSh3,583,000","KES 2,884,000",15%,0,"83,000",cash,Pending,Delayed,2.1 out of 5,0,No,"KSh 1,545,275"
ORD1257,01/12/2026,2026/01/20,Mary Omondi,Car Dealer,47,Western,Kakamega,Kakamega,Kakamega Branch,Peter  Kiptoo,Website,Toyota,Fieldar,Wagon,2023,Petrol,MANUAL,green,1,1990000,"KSh1,697,000",15%,142000,144000,wire,CANCELLED,Delivered,2.2 out of 5,,,KES 0
,,02/21/2025,Daniel Mwangi,Non Profit,22,Coast,Mombasa,Mombasa,Mombasa Port Yard,Kevin,Referral,VW,Golf GTI,Hatchback,2019,petrol,Automatic,SILVER,1,1.96M,"KES 1,547,000",0.1,38000,58000,Rtgs,complete,DELIVERED,3.9 out of 5,32,returned,1798400
ORD1259,2025/05/02,2025/05/07,Mercy Muthoni,Dealer,,Nyanza Region,Kisumu County,Kisumu,Kisumu Branch,Peter Kiptoo,Instagram,Toyota,Harrier,Suv,2022,PETROL,AT,Blue,7,5102000,4109000,0 percent,104000,119000,M-Pesa,Pending,DELIVERED,2.7 out of 5,3,returned,"KES 35,818,000"
ORD1260,2026-13-04,2025/09/22,,Ngo,65,Rift,Uasin-Gishu,Eld,Eldoret Branch,Aisha Mohamed,Walk-In,Mazada,DEMIO,Hatchback,2020,Hybrid,A/T,Pearl,1,1183000,"KSh 931,000",fifteen,"KES 18,000",54000,Asset Finance,Partially Paid,Delivered,3.3 out of 5,2,No,"KSh 570,925"
ORD1261,2025/12/05,2025/12/31,Linda Nyambura,Dealer,26,Western,Kakamega,Kakamega,Kakamega Yard,Mary Wanjiku,Referral,Nissan,NOTE,Hatchback,2026,petrol,AT,Silver,1,"KES 1,283,000",1.0M,0.25,"KSh 30,000","KSh 70,000",Asset Finance,Paid,completed,,24,Y,not available
ORD1262,2025/12/17,2026/01/06,Hassan Mutua,Ngo,41,Nairobi,Nairobi,Nairobi,Main Yard,Faith Achieng,Walk-In,Bmw,BMW X5,SUV,2023,petrol,Automatic,red,1,"KSh 9,721,000","KES 8,010,000",5%,21000,"KSh35,000",M Pesa,Partially Paid,late,,36,N,9255950
ORD1263,2026/03/18,2026/03/23,James Maina,Corporate,67,Eastern,Machakos,Athi River,Athi River Yard,Mercy At1Eno,Referral,mitsubish,Canter,Truck,2020,Dsl,M/T,grey,2,"KSh 3,670,000",3025000,2%,152000,"KSh 200,000",Bank Transfer,cancelled,Cancelled,3,14,NO,#VALUE!
ORD1264,2025/09/21,2025/09/29,Grace Kiptoo,Government,59,Rift Valley,Nakuru,Nakuru,Nakuru Yard,Daniel Kimani,Facebook,Subaru,outback,Wagon,2016,Petrol,Automatic,SILVER,1,"KSh3,495,000",3038000,10 percent,"KSh 58,000",56000,mpesa,Completed,IN TRANSIT,4,15,No,"3,203,500"
ORD1265,2025/12/27,02/01/2026,Linda Wafula,Dealer,63,Coast,Mombasa,Mombasa,Mombasa Port Yard,Mary Wanjiku,Whatsapp,Subaru,forester,suv,2023,PMS,Automatic,Grey,1,3240000,error,3%,KSh0,"KES 172,000",Asset Finance,paid,Delivered,2.1 out of 5,42,FALSE,"KSh 3,313,800"
ORD1266,2025/04/27,2025/05/04,Mary Mutua,Corporate,22,Rift Valley,Nakuru,Nakuru,Nkr Yard,Samuel,Corp Tender,Isuzu,N-Series,Truck,2016,Petrol,Manual,Pearl,2,5963000,"KSh 5,364,000",No Discount,34000,missing,cash,Cancel,Cancelled,2.1 out of 5,23,No,KSh0
ORD1267,2026/01/09,29/01/2026,Samuel Mugambi,Ngo,34,Coast,Mombasa County,Mombasa,Msa Yard,Mary Wanj1Ku,Referral,mitshubishi,outlander,Suv,2024,dsl,Automatic,pearl,1,"KSh 3,750,000",2.88M,3 percent,"KSh 131,000",0.16M,Asset Finance,partial,AT YARD,4.6,5,Yes,not available
ORD1268,2025/06/13,19/06/2025,James Njeri,Corporate,29,Riftvalley,Nakuru,Nkr,Nakuru Yard,Mercy Atieno,Corporate Tender,Nisan,Juke,CROSSOVER,2025,Petrol,Automatic,grey,1,2114000,not available,0.5,169000,"KSh107,000",Cash,paid,completed,3,33,TRUE,1226000
ORD1269,April 31 2026,2026/04/22,Brian Kariuki,Corporate,,Rift,Nakuru,Nakuru,Nkr Yard,Aisha  Mohamed,Referral,BENZ,E-250,SEDAN,2016,petrol,Automatic,white,3 cars,6140000,4722000,#ERROR,109000,"KES 123,000",Cash,Paid,delivered,3.3,21,No,"KSh 6,249,000"
ORD1270,2025/04/29,30/04/2025,Faith Njeri,Non Profit,40,Rift-Valley,Uasin-Gishu,Eldoret,Eldoret Yard,Samuel Mutua,Face Book,Honda,Vezel Hybrid,CROSSOVER,2017,DIESEL,Automatic,Green,two,3017000,2683000,Disc,30000,"KES 57,000",CHEQUE,deposit paid,Delivered,4.9,8,No,not available
ORD1271,2026/06/04,05/06/2026,Kevin Mohamed,Ngo,29,Nyanza,Kisumu,Kisumu,Kisumu Branch,Mercy Atieno,Referral,Mazda,CX-5,SUV,2025,Petrol,A/T,Grey,3 cars,3673000,3088000,0.03,"KSh 105,000","KSh 110,000",Bank Transfer,Paid,Delayed,4,21,NO,3667810
ORD1272,2026/01/18,2026/02/13,Winnie Kariuki,Government,42,Western,Kakamega,Kakamega,Kakamega Yard,Mary Wanjiku,Insta,Honda,CR-V,suv,2025,PETROL,Automatic,Gre,1,not available,3781000,10%,"KSh149,000",126000,M-Pesa,completed,Done,4.8 out of 5,42,no,3941600
ORD1273,17/06/2026,2026/07/10,Brian Maina,Ngo,52,Rift Valley,Uasin-Gishu,Eldoret,Eldoret Yard,Faith Achieng,Walk-In,Mazda,demio,hatchback,2023,DIESEL,at,Pearl,1,"1,185,000","KSh 948,000",3%,141000,159000,MPESA,Paid,IN TRANSIT,4,,No,1290450
ORD1274,2026/05/27,2026/06/23,Mercy Kariuki,Corporate,44,Rift Valley,Uasin Gishu,Eld,Eldoret Yard,Kevin,Instagram,totoya,Prado TX,SUV,2026,Petrol,Automatic,Blue,2,7948000,"KSh 6,126,000",7%,"KSh 87,000",missing,Bankers Cheque,Pending,Delivered,2.4,41,Yes,14.87M
ORD1275,2026/06/19,2026/07/11,Brian Mwangi,Individual,59,Central,Kiambu,Thikka,Thika Yard,Mercy Atieno,Insta,TOYOTA,Hiace,Van,2016,DIESEL,AUTOMATIC,GREY,3,5.32M,"KES 4,489,000",,164000,missing,M Pesa,REFUND,DELAYED,4.7 out of 5,24,YES,0
